aqi,pm25,pm10,co,no2,o3,t,h,p,w,temp_sensor,humidity_sensor,mq135_raw
83,83,99.6,0.1,21.8,98.8,33.0,72.5,1002,1.8,33.6,68.4,1071.0
83,83,99.6,0.1,21.8,98.8,33.0,72.5,1002,1.8,33.6,68.4,1075.0
83,83,99.6,0.1,21.8,98.7,33.0,72.5,1002,1.8,33.6,68.5,1077.0
83,83,99.6,0.1,21.8,98.7,33.0,72.5,1002,1.8,33.6,68.5,1076.0
83,83,99.6,0.1,21.8,98.7,33.0,72.5,1002,1.8,33.6,68.5,1071.0
83,83,99.6,0.1,21.8,98.7,33.0,72.5,1002,1.8,33.6,68.5,1075.0
83,83,99.6,0.1,21.8,98.60000000000001,33.0,72.5,1002,1.8,33.6,68.6,1077.0
83,83,99.6,0.1,21.8,98.60000000000001,33.0,72.5,1002,1.8,33.6,68.6,1075.0
83,83,99.6,0.1,21.8,98.60000000000001,33.0,72.5,1002,1.8,33.6,68.6,1075.0
83,83,99.6,0.1,21.8,98.60000000000001,33.0,72.5,1002,1.8,33.6,68.6,1071.0
83,83,99.6,0.1,21.8,98.60000000000001,33.0,72.5,1002,1.8,33.6,68.6,1075.0
83,83,99.6,0.1,21.8,98.60000000000001,33.0,72.5,1002,1.8,33.6,68.6,1071.0
83,83,99.6,0.1,21.8,98.5,33.0,72.5,1002,1.8,33.6,68.7,1071.0
83,83,99.6,0.1,21.8,98.5,33.0,72.5,1002,1.8,33.6,68.7,1069.0
83,83,99.6,0.1,21.8,98.5,33.0,72.5,1002,1.8,33.6,68.7,1069.0
83,83,99.6,0.1,21.8,98.5,33.0,72.5,1002,1.8,33.6,68.7,1067.0
83,83,99.6,0.1,21.8,98.60000000000001,33.0,72.5,1002,1.8,33.6,68.6,1067.0
83,83,99.6,0.1,21.8,98.60000000000001,33.0,72.5,1002,1.8,33.6,68.6,1066.0
83,83,99.6,0.1,21.8,98.60000000000001,33.0,72.5,1002,1.8,33.6,68.6,1063.0
83,83,99.6,0.1,21.8,98.60000000000001,33.0,72.5,1002,1.8,33.6,68.6,1062.0
83,83,99.6,0.1,21.8,98.60000000000001,33.0,72.5,1002,1.8,33.6,68.6,1060.0
83,83,99.6,0.1,21.8,98.60000000000001,33.0,72.5,1002,1.8,33.6,68.6,1063.0
83,83,99.6,0.1,21.8,98.5,33.0,72.5,1002,1.8,33.6,68.7,1060.0
83,83,99.6,0.1,21.8,98.5,33.0,72.5,1002,1.8,33.6,68.7,1056.0
83,83,99.6,0.1,21.8,98.60000000000001,33.0,72.5,1002,1.8,33.6,68.6,1055.0
83,83,99.6,0.1,21.8,98.60000000000001,33.0,72.5,1002,1.8,33.6,68.6,1053.0
83,83,99.6,0.1,21.8,98.5,33.0,72.5,1002,1.8,33.6,68.7,1049.0
83,83,99.6,0.1,21.8,98.5,33.0,72.5,1002,1.8,33.6,68.7,1048.0
83,83,99.6,0.1,21.8,98.60000000000001,33.0,72.5,1002,1.8,33.6,68.6,1049.0
83,83,99.6,0.1,21.8,98.60000000000001,33.0,72.5,1002,1.8,33.6,68.6,1047.0
83,83,99.6,0.1,21.8,98.60000000000001,33.0,72.5,1002,1.8,33.6,68.6,1047.0
83,83,99.6,0.1,21.8,98.60000000000001,33.0,72.5,1002,1.8,33.6,68.6,1047.0
83,83,99.6,0.1,21.8,98.60000000000001,33.0,72.5,1002,1.8,33.6,68.6,1045.0
83,83,99.6,0.1,21.8,98.60000000000001,33.0,72.5,1002,1.8,33.6,68.6,1042.0
83,83,99.6,0.1,21.8,98.60000000000001,33.0,72.5,1002,1.8,33.6,68.6,1042.0
83,83,99.6,0.1,21.8,98.60000000000001,33.0,72.5,1002,1.8,33.6,68.6,1039.0
83,83,99.6,0.1,21.8,98.60000000000001,33.0,72.5,1002,1.8,33.6,68.6,1039.0
83,83,99.6,0.1,21.8,98.60000000000001,33.0,72.5,1002,1.8,33.6,68.6,1036.0
83,83,99.6,0.1,21.8,98.60000000000001,33.0,72.5,1002,1.8,33.6,68.6,1035.0
83,83,99.6,0.1,21.8,98.60000000000001,33.0,72.5,1002,1.8,33.6,68.6,1035.0
83,83,99.6,0.1,21.8,98.60000000000001,33.0,72.5,1002,1.8,33.6,68.6,1033.0
83,83,99.6,0.1,21.8,98.60000000000001,33.0,72.5,1002,1.8,33.6,68.6,1034.0
83,83,99.6,0.1,21.8,98.60000000000001,33.0,72.5,1002,1.8,33.6,68.6,1036.0
83,83,99.6,0.1,21.8,98.60000000000001,33.0,72.5,1002,1.8,33.6,68.6,1037.0
83,83,99.6,0.1,21.8,98.60000000000001,33.0,72.5,1002,1.8,33.6,68.6,1033.0
83,83,99.6,0.1,21.8,98.60000000000001,33.0,72.5,1002,1.8,33.6,68.6,1035.0
83,83,99.6,0.1,21.85,98.80000000000001,33.0,72.5,1002,1.8,33.7,68.6,1035.0
83,83,99.6,0.1,21.85,98.80000000000001,33.0,72.5,1002,1.8,33.7,68.6,1039.0
83,83,99.6,0.1,21.85,98.80000000000001,33.0,72.5,1002,1.8,33.7,68.6,1037.0
83,83,99.6,0.1,21.85,98.80000000000001,33.0,72.5,1002,1.8,33.7,68.6,1037.0
83,83,99.6,0.1,21.85,98.80000000000001,33.0,72.5,1002,1.8,33.7,68.6,1039.0
83,83,99.6,0.1,21.85,98.80000000000001,33.0,72.5,1002,1.8,33.7,68.6,1039.0
83,83,99.6,0.1,21.8,98.60000000000001,33.0,72.5,1002,1.8,33.6,68.6,1035.0
83,83,99.6,0.1,21.8,98.60000000000001,33.0,72.5,1002,1.8,33.6,68.6,1036.0
83,83,99.6,0.1,21.8,98.60000000000001,33.0,72.5,1002,1.8,33.6,68.6,1035.0
83,83,99.6,0.1,21.8,98.60000000000001,33.0,72.5,1002,1.8,33.6,68.6,1033.0
83,83,99.6,0.1,21.8,98.60000000000001,33.0,72.5,1002,1.8,33.6,68.6,1033.0
83,83,99.6,0.1,21.8,98.60000000000001,33.0,72.5,1002,1.8,33.6,68.6,1032.0
83,83,99.6,0.1,21.8,98.60000000000001,33.0,72.5,1002,1.8,33.6,68.6,1033.0
83,83,99.6,0.1,21.8,98.60000000000001,33.0,72.5,1002,1.8,33.6,68.6,1033.0
83,83,99.6,0.1,21.8,98.5,33.0,72.5,1002,1.8,33.6,68.7,1033.0
83,83,99.6,0.1,21.8,98.5,33.0,72.5,1002,1.8,33.6,68.7,1033.0
83,83,99.6,0.1,21.8,98.5,33.0,72.5,1002,1.8,33.6,68.7,1033.0
83,83,99.6,0.1,21.8,98.5,33.0,72.5,1002,1.8,33.6,68.7,1033.0
83,83,99.6,0.1,21.8,98.5,33.0,72.5,1002,1.8,33.6,68.7,1033.0
83,83,99.6,0.1,21.8,98.5,33.0,72.5,1002,1.8,33.6,68.7,1034.0
83,83,99.6,0.1,21.8,98.60000000000001,33.0,72.5,1002,1.8,33.6,68.6,1033.0
83,83,99.6,0.1,21.8,98.60000000000001,33.0,72.5,1002,1.8,33.6,68.6,1031.0
83,83,99.6,0.1,21.8,98.60000000000001,33.0,72.5,1002,1.8,33.6,68.6,1033.0
83,83,99.6,0.1,21.8,98.60000000000001,33.0,72.5,1002,1.8,33.6,68.6,1033.0
83,83,99.6,0.1,21.8,98.60000000000001,33.0,72.5,1002,1.8,33.6,68.6,1032.0
83,83,99.6,0.1,21.8,98.60000000000001,33.0,72.5,1002,1.8,33.6,68.6,1031.0
83,83,99.6,0.1,21.8,98.60000000000001,33.0,72.5,1002,1.8,33.6,68.6,1023.0
83,83,99.6,0.1,21.8,98.60000000000001,33.0,72.5,1002,1.8,33.6,68.6,1023.0
83,83,99.6,0.1,21.8,98.5,33.0,72.5,1002,1.8,33.6,68.7,1019.0
83,83,99.6,0.1,21.8,98.5,33.0,72.5,1002,1.8,33.6,68.7,1021.0
83,83,99.6,0.1,21.8,98.5,33.0,72.5,1002,1.8,33.6,68.7,1021.0
83,83,99.6,0.1,21.8,98.5,33.0,72.5,1002,1.8,33.6,68.7,1019.0
83,83,99.6,0.1,21.8,98.5,33.0,72.5,1002,1.8,33.6,68.7,1019.0
83,83,99.6,0.1,21.8,98.5,33.0,72.5,1002,1.8,33.6,68.7,1020.0
83,83,99.6,0.1,21.8,98.5,33.0,72.5,1002,1.8,33.6,68.7,1018.0
83,83,99.6,0.1,21.8,98.5,33.0,72.5,1002,1.8,33.6,68.7,1018.0
83,83,99.6,0.1,21.8,98.5,33.0,72.5,1002,1.8,33.6,68.7,1015.0
83,83,99.6,0.1,21.8,98.5,33.0,72.5,1002,1.8,33.6,68.7,1015.0
83,83,99.6,0.1,21.8,98.5,33.0,72.5,1002,1.8,33.6,68.7,1015.0
83,83,99.6,0.1,21.8,98.5,33.0,72.5,1002,1.8,33.6,68.7,1015.0
83,83,99.6,0.1,21.8,98.5,33.0,72.5,1002,1.8,33.6,68.7,1017.0
83,83,99.6,0.1,21.8,98.5,33.0,72.5,1002,1.8,33.6,68.7,1016.0
83,83,99.6,0.1,21.8,98.5,33.0,72.5,1002,1.8,33.6,68.7,1016.0
83,83,99.6,0.1,21.8,98.5,33.0,72.5,1002,1.8,33.6,68.7,1014.0
83,83,99.6,0.1,21.8,98.5,33.0,72.5,1002,1.8,33.6,68.7,1017.0
83,83,99.6,0.1,21.8,98.5,33.0,72.5,1002,1.8,33.6,68.7,1016.0
83,83,99.6,0.1,21.8,98.4,33.0,72.5,1002,1.8,33.6,68.8,1015.0
83,83,99.6,0.1,21.8,98.4,33.0,72.5,1002,1.8,33.6,68.8,1016.0
83,83,99.6,0.1,21.8,98.4,33.0,72.5,1002,1.8,33.6,68.8,1013.0
83,83,99.6,0.1,21.8,98.4,33.0,72.5,1002,1.8,33.6,68.8,1011.0
83,83,99.6,0.1,21.8,98.4,33.0,72.5,1002,1.8,33.6,68.8,1013.0
83,83,99.6,0.1,21.8,98.4,33.0,72.5,1002,1.8,33.6,68.8,1013.0
83,83,99.6,0.1,21.8,98.4,33.0,72.5,1002,1.8,33.6,68.8,1013.0
83,83,99.6,0.1,21.8,98.4,33.0,72.5,1002,1.8,33.6,68.8,1013.0
83,83,99.6,0.1,21.8,98.5,33.0,72.5,1002,1.8,33.6,68.7,1011.0
83,83,99.6,0.1,21.8,98.5,33.0,72.5,1002,1.8,33.6,68.7,1007.0
83,83,99.6,0.1,21.8,98.5,33.0,72.5,1002,1.8,33.6,68.7,1007.0
83,83,99.6,0.1,21.8,98.5,33.0,72.5,1002,1.8,33.6,68.7,1005.0
83,83,99.6,0.1,21.8,98.5,33.0,72.5,1002,1.8,33.6,68.7,1005.0
83,83,99.6,0.1,21.8,98.5,33.0,72.5,1002,1.8,33.6,68.7,1003.0
83,83,99.6,0.1,21.75,98.3,33.0,72.5,1002,1.8,33.5,68.7,1002.0
83,83,99.6,0.1,21.75,98.3,33.0,72.5,1002,1.8,33.5,68.7,999.0
83,83,99.6,0.1,21.75,98.4,33.0,72.5,1002,1.8,33.5,68.6,999.0
83,83,99.6,0.1,21.75,98.4,33.0,72.5,1002,1.8,33.5,68.6,1001.0
83,83,99.6,0.1,21.75,98.4,33.0,72.5,1002,1.8,33.5,68.6,999.0
83,83,99.6,0.1,21.75,98.4,33.0,72.5,1002,1.8,33.5,68.6,999.0
83,83,99.6,0.1,21.75,98.4,33.0,72.5,1002,1.8,33.5,68.6,999.0
83,83,99.6,0.1,21.75,98.4,33.0,72.5,1002,1.8,33.5,68.6,999.0
83,83,99.6,0.1,21.75,98.4,33.0,72.5,1002,1.8,33.5,68.6,1000.0
83,83,99.6,0.1,21.75,98.4,33.0,72.5,1002,1.8,33.5,68.6,997.0
83,83,99.6,0.1,21.75,98.4,33.0,72.5,1002,1.8,33.5,68.6,999.0
83,83,99.6,0.1,21.75,98.4,33.0,72.5,1002,1.8,33.5,68.6,997.0
83,83,99.6,0.1,21.8,98.60000000000001,33.0,72.5,1002,1.8,33.6,68.6,998.0
83,83,99.6,0.1,21.8,98.60000000000001,33.0,72.5,1002,1.8,33.6,68.6,997.0
83,83,99.6,0.1,21.75,98.4,33.0,72.5,1002,1.8,33.5,68.6,996.0
83,83,99.6,0.1,21.75,98.4,33.0,72.5,1002,1.8,33.5,68.6,996.0
83,83,99.6,0.1,21.75,98.4,33.0,72.5,1002,1.8,33.5,68.6,996.0
83,83,99.6,0.1,21.75,98.4,33.0,72.5,1002,1.8,33.5,68.6,995.0
83,83,99.6,0.1,21.75,98.4,33.0,72.5,1002,1.8,33.5,68.6,995.0
83,83,99.6,0.1,21.75,98.4,33.0,72.5,1002,1.8,33.5,68.6,995.0
83,83,99.6,0.1,21.75,98.4,33.0,72.5,1002,1.8,33.5,68.6,994.0
83,83,99.6,0.1,21.75,98.4,33.0,72.5,1002,1.8,33.5,68.6,991.0
83,83,99.6,0.1,21.75,98.4,33.0,72.5,1002,1.8,33.5,68.6,991.0
83,83,99.6,0.1,21.75,98.4,33.0,72.5,1002,1.8,33.5,68.6,991.0
83,83,99.6,0.1,21.75,98.4,33.0,72.5,1002,1.8,33.5,68.6,989.0
83,83,99.6,0.1,21.75,98.4,33.0,72.5,1002,1.8,33.5,68.6,989.0
83,83,99.6,0.1,21.75,98.4,33.0,72.5,1002,1.8,33.5,68.6,989.0
83,83,99.6,0.1,21.75,98.4,33.0,72.5,1002,1.8,33.5,68.6,988.0
83,83,99.6,0.1,21.75,98.4,33.0,72.5,1002,1.8,33.5,68.6,987.0
83,83,99.6,0.1,21.75,98.4,33.0,72.5,1002,1.8,33.5,68.6,987.0
83,83,99.6,0.1,21.75,98.4,33.0,72.5,1002,1.8,33.5,68.6,988.0
83,83,99.6,0.1,21.75,98.4,33.0,72.5,1002,1.8,33.5,68.6,985.0
83,83,99.6,0.1,21.75,98.4,33.0,72.5,1002,1.8,33.5,68.6,985.0
83,83,99.6,0.1,21.75,98.4,33.0,72.5,1002,1.8,33.5,68.6,985.0
83,83,99.6,0.1,21.75,98.4,33.0,72.5,1002,1.8,33.5,68.6,985.0
83,83,99.6,0.1,21.75,98.4,33.0,72.5,1002,1.8,33.5,68.6,984.0
83,83,99.6,0.1,21.8,98.5,33.0,72.5,1002,1.8,33.6,68.7,984.0
83,83,99.6,0.1,21.8,98.5,33.0,72.5,1002,1.8,33.6,68.7,983.0
83,83,99.6,0.1,21.75,98.4,33.0,72.5,1002,1.8,33.5,68.6,982.0
83,83,99.6,0.1,21.75,98.4,33.0,72.5,1002,1.8,33.5,68.6,983.0
83,83,99.6,0.1,21.75,98.3,33.0,72.5,1002,1.8,33.5,68.7,981.0
83,83,99.6,0.1,21.75,98.3,33.0,72.5,1002,1.8,33.5,68.7,980.0
83,83,99.6,0.1,21.75,98.3,33.0,72.5,1002,1.8,33.5,68.7,981.0
83,83,99.6,0.1,21.75,98.3,33.0,72.5,1002,1.8,33.5,68.7,979.0
83,83,99.6,0.1,21.75,98.3,33.0,72.5,1002,1.8,33.5,68.7,979.0
83,83,99.6,0.1,21.75,98.3,33.0,72.5,1002,1.8,33.5,68.7,978.0
83,83,99.6,0.1,21.75,98.3,33.0,72.5,1002,1.8,33.5,68.7,975.0
83,83,99.6,0.1,21.75,98.3,33.0,72.5,1002,1.8,33.5,68.7,975.0
83,83,99.6,0.1,21.75,98.3,33.0,72.5,1002,1.8,33.5,68.7,977.0
83,83,99.6,0.1,21.75,98.3,33.0,72.5,1002,1.8,33.5,68.7,973.0
83,83,99.6,0.1,21.75,98.3,33.0,72.5,1002,1.8,33.5,68.7,974.0
83,83,99.6,0.1,21.75,98.3,33.0,72.5,1002,1.8,33.5,68.7,973.0
83,83,99.6,0.1,21.75,98.3,33.0,72.5,1002,1.8,33.5,68.7,973.0
83,83,99.6,0.1,21.75,98.3,33.0,72.5,1002,1.8,33.5,68.7,972.0
83,83,99.6,0.1,21.75,98.3,33.0,72.5,1002,1.8,33.5,68.7,973.0
83,83,99.6,0.1,21.75,98.3,33.0,72.5,1002,1.8,33.5,68.7,971.0
83,83,99.6,0.1,21.75,98.3,33.0,72.5,1002,1.8,33.5,68.7,971.0
83,83,99.6,0.1,21.75,98.3,33.0,72.5,1002,1.8,33.5,68.7,970.0
83,83,99.6,0.1,21.75,98.3,33.0,72.5,1002,1.8,33.5,68.7,969.0
83,83,99.6,0.1,21.75,98.3,33.0,72.5,1002,1.8,33.5,68.7,970.0
83,83,99.6,0.1,21.8,98.5,33.0,72.5,1002,1.8,33.6,68.7,969.0
83,83,99.6,0.1,21.8,98.5,33.0,72.5,1002,1.8,33.6,68.7,968.0
83,83,99.6,0.1,21.75,98.3,33.0,72.5,1002,1.8,33.5,68.7,969.0
83,83,99.6,0.1,21.75,98.3,33.0,72.5,1002,1.8,33.5,68.7,967.0
83,83,99.6,0.1,21.75,98.3,33.0,72.5,1002,1.8,33.5,68.7,966.0
83,83,99.6,0.1,21.75,98.3,33.0,72.5,1002,1.8,33.5,68.7,966.0
83,83,99.6,0.1,21.75,98.3,33.0,72.5,1002,1.8,33.5,68.7,967.0
83,83,99.6,0.1,21.75,98.3,33.0,72.5,1002,1.8,33.5,68.7,965.0
83,83,99.6,0.1,21.75,98.3,33.0,72.5,1002,1.8,33.5,68.7,965.0
83,83,99.6,0.1,21.75,98.3,33.0,72.5,1002,1.8,33.5,68.7,964.0
83,83,99.6,0.1,21.75,98.2,33.0,72.5,1002,1.8,33.5,68.8,959.0
83,83,99.6,0.1,21.75,98.2,33.0,72.5,1002,1.8,33.5,68.8,957.0
65,65,78.0,0.1,21.75,98.2,34.0,71.0,1001,2.0,33.5,68.8,957.0
65,65,78.0,0.1,21.75,98.2,34.0,71.0,1001,2.0,33.5,68.8,957.0
65,65,78.0,0.1,21.75,98.2,34.0,71.0,1001,2.0,33.5,68.8,959.0
65,65,78.0,0.1,21.75,98.2,34.0,71.0,1001,2.0,33.5,68.8,957.0
65,65,78.0,0.1,21.75,98.2,34.0,71.0,1001,2.0,33.5,68.8,956.0
65,65,78.0,0.1,21.75,98.2,34.0,71.0,1001,2.0,33.5,68.8,955.0
65,65,78.0,0.1,21.75,98.2,34.0,71.0,1001,2.0,33.5,68.8,955.0
65,65,78.0,0.1,21.75,98.2,34.0,71.0,1001,2.0,33.5,68.8,955.0
65,65,78.0,0.1,21.75,98.2,34.0,71.0,1001,2.0,33.5,68.8,953.0
65,65,78.0,0.1,21.75,98.2,34.0,71.0,1001,2.0,33.5,68.8,953.0
65,65,78.0,0.1,21.75,98.2,34.0,71.0,1001,2.0,33.5,68.8,953.0
65,65,78.0,0.1,21.75,98.2,34.0,71.0,1001,2.0,33.5,68.8,952.0
65,65,78.0,0.1,21.75,98.2,34.0,71.0,1001,2.0,33.5,68.8,952.0
65,65,78.0,0.1,21.75,98.2,34.0,71.0,1001,2.0,33.5,68.8,950.0
65,65,78.0,0.1,21.75,98.2,34.0,71.0,1001,2.0,33.5,68.8,951.0
65,65,78.0,0.1,21.75,98.2,34.0,71.0,1001,2.0,33.5,68.8,951.0
65,65,78.0,0.1,21.75,98.2,34.0,71.0,1001,2.0,33.5,68.8,950.0
65,65,78.0,0.1,21.75,98.2,34.0,71.0,1001,2.0,33.5,68.8,951.0
65,65,78.0,0.1,21.75,98.2,34.0,71.0,1001,2.0,33.5,68.8,949.0
65,65,78.0,0.1,21.75,98.2,34.0,71.0,1001,2.0,33.5,68.8,949.0
65,65,78.0,0.1,21.75,98.2,34.0,71.0,1001,2.0,33.5,68.8,948.0
65,65,78.0,0.1,21.75,98.2,34.0,71.0,1001,2.0,33.5,68.8,943.0
65,65,78.0,0.1,21.75,98.2,34.0,71.0,1001,2.0,33.5,68.8,946.0
65,65,78.0,0.1,21.75,98.2,34.0,71.0,1001,2.0,33.5,68.8,943.0
65,65,78.0,0.1,21.75,98.2,34.0,71.0,1001,2.0,33.5,68.8,943.0
65,65,78.0,0.1,21.75,98.2,34.0,71.0,1001,2.0,33.5,68.8,942.0
65,65,78.0,0.1,21.75,98.2,34.0,71.0,1001,2.0,33.5,68.8,943.0
65,65,78.0,0.1,21.75,98.2,34.0,71.0,1001,2.0,33.5,68.8,941.0
65,65,78.0,0.1,21.75,98.2,34.0,71.0,1001,2.0,33.5,68.8,942.0
65,65,78.0,0.1,21.75,98.2,34.0,71.0,1001,2.0,33.5,68.8,940.0
65,65,78.0,0.1,21.75,98.2,34.0,71.0,1001,2.0,33.5,68.8,941.0
65,65,78.0,0.1,21.75,98.2,34.0,71.0,1001,2.0,33.5,68.8,939.0
65,65,78.0,0.1,21.75,98.2,34.0,71.0,1001,2.0,33.5,68.8,940.0
65,65,78.0,0.1,21.75,98.2,34.0,71.0,1001,2.0,33.5,68.8,940.0
65,65,78.0,0.1,21.75,98.2,34.0,71.0,1001,2.0,33.5,68.8,939.0
65,65,78.0,0.1,21.75,98.2,34.0,71.0,1001,2.0,33.5,68.8,939.0
65,65,78.0,0.1,21.75,98.1,34.0,71.0,1001,2.0,33.5,68.9,939.0
65,65,78.0,0.1,21.75,98.1,34.0,71.0,1001,2.0,33.5,68.9,937.0
65,65,78.0,0.1,21.75,98.2,34.0,71.0,1001,2.0,33.5,68.8,937.0
65,65,78.0,0.1,21.75,98.2,34.0,71.0,1001,2.0,33.5,68.8,941.0
65,65,78.0,0.1,21.75,98.1,34.0,71.0,1001,2.0,33.5,68.9,938.0
65,65,78.0,0.1,21.75,98.1,34.0,71.0,1001,2.0,33.5,68.9,937.0
65,65,78.0,0.1,21.75,98.1,34.0,71.0,1001,2.0,33.5,68.9,936.0
65,65,78.0,0.1,21.75,98.1,34.0,71.0,1001,2.0,33.5,68.9,935.0
65,65,78.0,0.1,21.75,98.1,34.0,71.0,1001,2.0,33.5,68.9,935.0
65,65,78.0,0.1,21.75,98.1,34.0,71.0,1001,2.0,33.5,68.9,933.0
65,65,78.0,0.1,21.75,98.1,34.0,71.0,1001,2.0,33.5,68.9,932.0
65,65,78.0,0.1,21.75,98.1,34.0,71.0,1001,2.0,33.5,68.9,933.0
65,65,78.0,0.1,21.75,98.1,34.0,71.0,1001,2.0,33.5,68.9,927.0
65,65,78.0,0.1,21.75,98.1,34.0,71.0,1001,2.0,33.5,68.9,927.0
65,65,78.0,0.1,21.75,98.1,34.0,71.0,1001,2.0,33.5,68.9,927.0
65,65,78.0,0.1,21.75,98.1,34.0,71.0,1001,2.0,33.5,68.9,927.0
65,65,78.0,0.1,21.75,98.1,34.0,71.0,1001,2.0,33.5,68.9,927.0
65,65,78.0,0.1,21.75,98.1,34.0,71.0,1001,2.0,33.5,68.9,927.0
65,65,78.0,0.1,21.75,98.1,34.0,71.0,1001,2.0,33.5,68.9,926.0
65,65,78.0,0.1,21.75,98.1,34.0,71.0,1001,2.0,33.5,68.9,927.0
65,65,78.0,0.1,21.75,98.1,34.0,71.0,1001,2.0,33.5,68.9,925.0
65,65,78.0,0.1,21.75,98.1,34.0,71.0,1001,2.0,33.5,68.9,925.0
65,65,78.0,0.1,21.75,98.1,34.0,71.0,1001,2.0,33.5,68.9,927.0
65,65,78.0,0.1,21.75,98.1,34.0,71.0,1001,2.0,33.5,68.9,925.0
65,65,78.0,0.1,21.8,98.3,34.0,71.0,1001,2.0,33.6,68.9,925.0
65,65,78.0,0.1,21.8,98.3,34.0,71.0,1001,2.0,33.6,68.9,925.0
65,65,78.0,0.1,21.75,98.1,34.0,71.0,1001,2.0,33.5,68.9,925.0
65,65,78.0,0.1,21.75,98.1,34.0,71.0,1001,2.0,33.5,68.9,925.0
65,65,78.0,0.1,21.75,98.1,34.0,71.0,1001,2.0,33.5,68.9,925.0
65,65,78.0,0.1,21.75,98.1,34.0,71.0,1001,2.0,33.5,68.9,925.0
65,65,78.0,0.1,21.75,98.1,34.0,71.0,1001,2.0,33.5,68.9,924.0
65,65,78.0,0.1,21.75,98.1,34.0,71.0,1001,2.0,33.5,68.9,922.0
65,65,78.0,0.1,21.75,98.1,34.0,71.0,1001,2.0,33.5,68.9,925.0
65,65,78.0,0.1,21.75,98.1,34.0,71.0,1001,2.0,33.5,68.9,922.0
65,65,78.0,0.1,21.75,98.1,34.0,71.0,1001,2.0,33.5,68.9,921.0
65,65,78.0,0.1,21.75,98.1,34.0,71.0,1001,2.0,33.5,68.9,923.0
65,65,78.0,0.1,21.75,98.1,34.0,71.0,1001,2.0,33.5,68.9,921.0
65,65,78.0,0.1,21.75,98.1,34.0,71.0,1001,2.0,33.5,68.9,923.0
65,65,78.0,0.1,21.75,98.2,34.0,71.0,1001,2.0,33.5,68.8,921.0
65,65,78.0,0.1,21.75,98.2,34.0,71.0,1001,2.0,33.5,68.8,920.0
65,65,78.0,0.1,21.75,98.2,34.0,71.0,1001,2.0,33.5,68.8,920.0
65,65,78.0,0.1,21.75,98.2,34.0,71.0,1001,2.0,33.5,68.8,919.0
65,65,78.0,0.1,21.75,98.2,34.0,71.0,1001,2.0,33.5,68.8,920.0
65,65,78.0,0.1,21.75,98.2,34.0,71.0,1001,2.0,33.5,68.8,919.0
65,65,78.0,0.1,21.75,98.2,34.0,71.0,1001,2.0,33.5,68.8,920.0
65,65,78.0,0.1,21.75,98.2,34.0,71.0,1001,2.0,33.5,68.8,917.0
65,65,78.0,0.1,21.75,98.2,34.0,71.0,1001,2.0,33.5,68.8,919.0
65,65,78.0,0.1,21.75,98.2,34.0,71.0,1001,2.0,33.5,68.8,917.0
65,65,78.0,0.1,21.8,98.4,34.0,71.0,1001,2.0,33.6,68.8,917.0
65,65,78.0,0.1,21.8,98.4,34.0,71.0,1001,2.0,33.6,68.8,917.0
65,65,78.0,0.1,21.75,98.2,34.0,71.0,1001,2.0,33.5,68.8,914.0
65,65,78.0,0.1,21.75,98.2,34.0,71.0,1001,2.0,33.5,68.8,915.0
65,65,78.0,0.1,21.75,98.2,34.0,71.0,1001,2.0,33.5,68.8,915.0
65,65,78.0,0.1,21.75,98.2,34.0,71.0,1001,2.0,33.5,68.8,914.0
65,65,78.0,0.1,21.75,98.3,34.0,71.0,1001,2.0,33.5,68.7,911.0
65,65,78.0,0.1,21.75,98.3,34.0,71.0,1001,2.0,33.5,68.7,910.0
65,65,78.0,0.1,21.75,98.3,34.0,71.0,1001,2.0,33.5,68.7,911.0
65,65,78.0,0.1,21.75,98.3,34.0,71.0,1001,2.0,33.5,68.7,910.0
65,65,78.0,0.1,21.8,98.5,34.0,71.0,1001,2.0,33.6,68.7,911.0
65,65,78.0,0.1,21.8,98.5,34.0,71.0,1001,2.0,33.6,68.7,909.0
65,65,78.0,0.1,21.8,98.5,34.0,71.0,1001,2.0,33.6,68.7,909.0
65,65,78.0,0.1,21.8,98.5,34.0,71.0,1001,2.0,33.6,68.7,908.0
65,65,78.0,0.1,21.8,98.60000000000001,34.0,71.0,1001,2.0,33.6,68.6,908.0
65,65,78.0,0.1,21.8,98.60000000000001,34.0,71.0,1001,2.0,33.6,68.6,908.0
65,65,78.0,0.1,21.85,98.80000000000001,34.0,71.0,1001,2.0,33.7,68.6,908.0
65,65,78.0,0.1,21.85,98.80000000000001,34.0,71.0,1001,2.0,33.7,68.6,907.0
65,65,78.0,0.1,21.85,98.80000000000001,34.0,71.0,1001,2.0,33.7,68.6,907.0
65,65,78.0,0.1,21.85,98.80000000000001,34.0,71.0,1001,2.0,33.7,68.6,905.0
65,65,78.0,0.1,21.85,98.9,34.0,71.0,1001,2.0,33.7,68.5,905.0
65,65,78.0,0.1,21.85,98.9,34.0,71.0,1001,2.0,33.7,68.5,905.0
65,65,78.0,0.1,21.85,98.9,34.0,71.0,1001,2.0,33.7,68.5,905.0
65,65,78.0,0.1,21.85,98.9,34.0,71.0,1001,2.0,33.7,68.5,905.0
65,65,78.0,0.1,21.85,98.9,34.0,71.0,1001,2.0,33.7,68.5,905.0
65,65,78.0,0.1,21.85,98.9,34.0,71.0,1001,2.0,33.7,68.5,904.0
65,65,78.0,0.1,21.85,98.9,34.0,71.0,1001,2.0,33.7,68.5,903.0
65,65,78.0,0.1,21.85,98.9,34.0,71.0,1001,2.0,33.7,68.5,902.0
65,65,78.0,0.1,21.85,98.9,34.0,71.0,1001,2.0,33.7,68.5,903.0
65,65,78.0,0.1,21.85,98.9,34.0,71.0,1001,2.0,33.7,68.5,903.0
65,65,78.0,0.1,21.9,99.19999999999999,34.0,71.0,1001,2.0,33.8,68.4,901.0
65,65,78.0,0.1,21.9,99.19999999999999,34.0,71.0,1001,2.0,33.8,68.4,901.0
65,65,78.0,0.1,21.9,99.19999999999999,34.0,71.0,1001,2.0,33.8,68.4,901.0
65,65,78.0,0.1,21.9,99.19999999999999,34.0,71.0,1001,2.0,33.8,68.4,895.0
65,65,78.0,0.1,21.9,99.3,34.0,71.0,1001,2.0,33.8,68.3,895.0
65,65,78.0,0.1,21.9,99.3,34.0,71.0,1001,2.0,33.8,68.3,895.0
65,65,78.0,0.1,21.9,99.3,34.0,71.0,1001,2.0,33.8,68.3,895.0
65,65,78.0,0.1,21.9,99.3,34.0,71.0,1001,2.0,33.8,68.3,893.0
65,65,78.0,0.1,21.9,99.3,34.0,71.0,1001,2.0,33.8,68.3,893.0
65,65,78.0,0.1,21.9,99.3,34.0,71.0,1001,2.0,33.8,68.3,891.0
65,65,78.0,0.1,21.9,99.3,34.0,71.0,1001,2.0,33.8,68.3,891.0
65,65,78.0,0.1,21.9,99.3,34.0,71.0,1001,2.0,33.8,68.3,893.0
65,65,78.0,0.1,21.95,99.6,34.0,71.0,1001,2.0,33.9,68.2,892.0
65,65,78.0,0.1,21.95,99.6,34.0,71.0,1001,2.0,33.9,68.2,891.0
65,65,78.0,0.1,21.95,99.6,34.0,71.0,1001,2.0,33.9,68.2,889.0
65,65,78.0,0.1,21.95,99.6,34.0,71.0,1001,2.0,33.9,68.2,888.0
65,65,78.0,0.1,21.95,99.7,34.0,71.0,1001,2.0,33.9,68.1,885.0
65,65,78.0,0.1,21.95,99.7,34.0,71.0,1001,2.0,33.9,68.1,885.0
65,65,78.0,0.1,21.95,99.7,34.0,71.0,1001,2.0,33.9,68.1,886.0
65,65,78.0,0.1,21.95,99.7,34.0,71.0,1001,2.0,33.9,68.1,885.0
65,65,78.0,0.1,21.95,99.7,34.0,71.0,1001,2.0,33.9,68.1,884.0
65,65,78.0,0.1,21.95,99.7,34.0,71.0,1001,2.0,33.9,68.1,885.0
65,65,78.0,0.1,21.95,99.8,34.0,71.0,1001,2.0,33.9,68.0,884.0
65,65,78.0,0.1,21.95,99.8,34.0,71.0,1001,2.0,33.9,68.0,883.0
65,65,78.0,0.1,21.95,99.8,34.0,71.0,1001,2.0,33.9,68.0,883.0
65,65,78.0,0.1,21.95,99.8,34.0,71.0,1001,2.0,33.9,68.0,883.0
65,65,78.0,0.1,21.95,99.8,34.0,71.0,1001,2.0,33.9,68.0,883.0
65,65,78.0,0.1,21.95,99.8,34.0,71.0,1001,2.0,33.9,68.0,879.0
65,65,78.0,0.1,21.95,99.8,34.0,71.0,1001,2.0,33.9,68.0,879.0
65,65,78.0,0.1,21.95,99.8,34.0,71.0,1001,2.0,33.9,68.0,879.0
65,65,78.0,0.1,21.95,99.89999999999999,34.0,71.0,1001,2.0,33.9,67.9,879.0
65,65,78.0,0.1,21.95,99.89999999999999,34.0,71.0,1001,2.0,33.9,67.9,877.0
65,65,78.0,0.1,21.9,99.69999999999999,34.0,71.0,1001,2.0,33.8,67.9,879.0
65,65,78.0,0.1,21.9,99.69999999999999,34.0,71.0,1001,2.0,33.8,67.9,876.0
65,65,78.0,0.1,21.9,99.69999999999999,34.0,71.0,1001,2.0,33.8,67.9,877.0
65,65,78.0,0.1,21.9,99.69999999999999,34.0,71.0,1001,2.0,33.8,67.9,878.0
65,65,78.0,0.1,21.9,99.8,34.0,71.0,1001,2.0,33.8,67.8,875.0
65,65,78.0,0.1,21.9,99.8,34.0,71.0,1001,2.0,33.8,67.8,877.0
65,65,78.0,0.1,21.9,99.8,34.0,71.0,1001,2.0,33.8,67.8,873.0
65,65,78.0,0.1,21.9,99.8,34.0,71.0,1001,2.0,33.8,67.8,875.0
65,65,78.0,0.1,21.9,99.8,34.0,71.0,1001,2.0,33.8,67.8,875.0
65,65,78.0,0.1,21.9,99.8,34.0,71.0,1001,2.0,33.8,67.8,876.0
65,65,78.0,0.1,21.95,100.0,34.0,71.0,1001,2.0,33.9,67.8,873.0
65,65,78.0,0.1,21.95,100.0,34.0,71.0,1001,2.0,33.9,67.8,873.0
65,65,78.0,0.1,21.9,99.8,34.0,71.0,1001,2.0,33.8,67.8,870.0
65,65,78.0,0.1,21.9,99.8,34.0,71.0,1001,2.0,33.8,67.8,871.0
65,65,78.0,0.1,21.9,99.8,34.0,71.0,1001,2.0,33.8,67.8,871.0
65,65,78.0,0.1,21.9,99.8,34.0,71.0,1001,2.0,33.8,67.8,871.0
65,65,78.0,0.1,21.9,99.8,34.0,71.0,1001,2.0,33.8,67.8,870.0
65,65,78.0,0.1,21.9,99.8,34.0,71.0,1001,2.0,33.8,67.8,871.0
65,65,78.0,0.1,21.9,99.8,34.0,71.0,1001,2.0,33.8,67.8,869.0
65,65,78.0,0.1,21.9,99.8,34.0,71.0,1001,2.0,33.8,67.8,868.0
65,65,78.0,0.1,21.9,99.8,34.0,71.0,1001,2.0,33.8,67.8,868.0
65,65,78.0,0.1,21.9,99.8,34.0,71.0,1001,2.0,33.8,67.8,869.0
65,65,78.0,0.1,21.85,99.60000000000001,34.0,71.0,1001,2.0,33.7,67.8,867.0
65,65,78.0,0.1,21.85,99.60000000000001,34.0,71.0,1001,2.0,33.7,67.8,866.0
65,65,78.0,0.1,21.85,99.60000000000001,34.0,71.0,1001,2.0,33.7,67.8,866.0
65,65,78.0,0.1,21.85,99.60000000000001,34.0,71.0,1001,2.0,33.7,67.8,865.0
65,65,78.0,0.1,21.85,99.60000000000001,34.0,71.0,1001,2.0,33.7,67.8,863.0
65,65,78.0,0.1,21.85,99.60000000000001,34.0,71.0,1001,2.0,33.7,67.8,861.0
65,65,78.0,0.1,21.85,99.60000000000001,34.0,71.0,1001,2.0,33.7,67.8,863.0
65,65,78.0,0.1,21.85,99.60000000000001,34.0,71.0,1001,2.0,33.7,67.8,862.0
65,65,78.0,0.1,21.85,99.5,34.0,71.0,1001,2.0,33.7,67.9,861.0
65,65,78.0,0.1,21.85,99.5,34.0,71.0,1001,2.0,33.7,67.9,861.0
65,65,78.0,0.1,21.9,99.69999999999999,34.0,71.0,1001,2.0,33.8,67.9,861.0
65,65,78.0,0.1,21.9,99.69999999999999,34.0,71.0,1001,2.0,33.8,67.9,861.0
65,65,78.0,0.1,21.9,99.69999999999999,34.0,71.0,1001,2.0,33.8,67.9,860.0
65,65,78.0,0.1,21.9,99.69999999999999,34.0,71.0,1001,2.0,33.8,67.9,861.0
65,65,78.0,0.1,21.85,99.60000000000001,34.0,71.0,1001,2.0,33.7,67.8,859.0
65,65,78.0,0.1,21.85,99.60000000000001,34.0,71.0,1001,2.0,33.7,67.8,860.0
65,65,78.0,0.1,21.85,99.5,34.0,71.0,1001,2.0,33.7,67.9,859.0
65,65,78.0,0.1,21.85,99.5,34.0,71.0,1001,2.0,33.7,67.9,859.0
65,65,78.0,0.1,21.85,99.5,34.0,71.0,1001,2.0,33.7,67.9,858.0
65,65,78.0,0.1,21.85,99.5,34.0,71.0,1001,2.0,33.7,67.9,857.0
65,65,78.0,0.1,21.85,99.5,34.0,71.0,1001,2.0,33.7,67.9,859.0
65,65,78.0,0.1,21.85,99.5,34.0,71.0,1001,2.0,33.7,67.9,857.0
65,65,78.0,0.1,21.85,99.5,34.0,71.0,1001,2.0,33.7,67.9,856.0
65,65,78.0,0.1,21.85,99.5,34.0,71.0,1001,2.0,33.7,67.9,856.0
65,65,78.0,0.1,21.85,99.5,34.0,71.0,1001,2.0,33.7,67.9,857.0
65,65,78.0,0.1,21.85,99.5,34.0,71.0,1001,2.0,33.7,67.9,856.0
65,65,78.0,0.1,21.85,99.5,34.0,71.0,1001,2.0,33.7,67.9,855.0
65,65,78.0,0.1,21.85,99.5,34.0,71.0,1001,2.0,33.7,67.9,855.0
65,65,78.0,0.1,21.85,99.5,34.0,71.0,1001,2.0,33.7,67.9,856.0
65,65,78.0,0.1,21.85,99.5,34.0,71.0,1001,2.0,33.7,67.9,855.0
65,65,78.0,0.1,21.85,99.5,34.0,71.0,1001,2.0,33.7,67.9,855.0
65,65,78.0,0.1,21.85,99.5,34.0,71.0,1001,2.0,33.7,67.9,853.0
65,65,78.0,0.1,21.85,99.5,34.0,71.0,1001,2.0,33.7,67.9,853.0
65,65,78.0,0.1,21.85,99.5,34.0,71.0,1001,2.0,33.7,67.9,853.0
65,65,78.0,0.1,21.85,99.5,34.0,71.0,1001,2.0,33.7,67.9,851.0
65,65,78.0,0.1,21.85,99.5,34.0,71.0,1001,2.0,33.7,67.9,852.0
65,65,78.0,0.1,21.8,99.5,34.0,71.0,1001,2.0,33.6,67.7,851.0
65,65,78.0,0.1,21.8,99.5,34.0,71.0,1001,2.0,33.6,67.7,847.0
65,65,78.0,0.1,21.8,99.3,34.0,71.0,1001,2.0,33.6,67.9,847.0
65,65,78.0,0.1,21.8,99.3,34.0,71.0,1001,2.0,33.6,67.9,845.0
65,65,78.0,0.1,21.8,99.2,34.0,71.0,1001,2.0,33.6,68.0,845.0
65,65,78.0,0.1,21.8,99.2,34.0,71.0,1001,2.0,33.6,68.0,845.0
65,65,78.0,0.1,21.8,99.2,34.0,71.0,1001,2.0,33.6,68.0,844.0
65,65,78.0,0.1,21.8,99.2,34.0,71.0,1001,2.0,33.6,68.0,841.0
65,65,78.0,0.1,21.8,99.2,34.0,71.0,1001,2.0,33.6,68.0,843.0
65,65,78.0,0.1,21.8,99.2,34.0,71.0,1001,2.0,33.6,68.0,839.0
65,65,78.0,0.1,21.8,99.2,34.0,71.0,1001,2.0,33.6,68.0,839.0
65,65,78.0,0.1,21.8,99.2,34.0,71.0,1001,2.0,33.6,68.0,837.0
65,65,78.0,0.1,21.8,99.10000000000001,34.0,71.0,1001,2.0,33.6,68.1,831.0
65,65,78.0,0.1,21.8,99.10000000000001,34.0,71.0,1001,2.0,33.6,68.1,829.0
65,65,78.0,0.1,21.8,99.10000000000001,34.0,71.0,1001,2.0,33.6,68.1,829.0
65,65,78.0,0.1,21.8,99.10000000000001,34.0,71.0,1001,2.0,33.6,68.1,827.0
65,65,78.0,0.1,21.8,99.10000000000001,34.0,71.0,1001,2.0,33.6,68.1,825.0
65,65,78.0,0.1,21.8,99.10000000000001,34.0,71.0,1001,2.0,33.6,68.1,824.0
65,65,78.0,0.1,21.8,99.10000000000001,34.0,71.0,1001,2.0,33.6,68.1,825.0
65,65,78.0,0.1,21.8,99.10000000000001,34.0,71.0,1001,2.0,33.6,68.1,823.0
65,65,78.0,0.1,21.8,99.0,34.0,71.0,1001,2.0,33.6,68.2,824.0
65,65,78.0,0.1,21.8,99.0,34.0,71.0,1001,2.0,33.6,68.2,823.0
65,65,78.0,0.1,21.8,99.0,34.0,71.0,1001,2.0,33.6,68.2,822.0
65,65,78.0,0.1,21.8,99.0,34.0,71.0,1001,2.0,33.6,68.2,825.0
65,65,78.0,0.1,21.8,99.0,34.0,71.0,1001,2.0,33.6,68.2,823.0
65,65,78.0,0.1,21.8,99.0,34.0,71.0,1001,2.0,33.6,68.2,823.0
65,65,78.0,0.1,21.8,99.0,34.0,71.0,1001,2.0,33.6,68.2,821.0
65,65,78.0,0.1,21.8,99.0,34.0,71.0,1001,2.0,33.6,68.2,821.0
65,65,78.0,0.1,21.8,99.0,34.0,71.0,1001,2.0,33.6,68.2,821.0
65,65,78.0,0.1,21.8,99.0,34.0,71.0,1001,2.0,33.6,68.2,823.0
65,65,78.0,0.1,21.8,99.0,34.0,71.0,1001,2.0,33.6,68.2,825.0
65,65,78.0,0.1,21.8,99.0,34.0,71.0,1001,2.0,33.6,68.2,823.0
65,65,78.0,0.1,21.8,99.0,34.0,71.0,1001,2.0,33.6,68.2,825.0
65,65,78.0,0.1,21.8,99.0,34.0,71.0,1001,2.0,33.6,68.2,823.0
65,65,78.0,0.1,21.8,99.0,34.0,71.0,1001,2.0,33.6,68.2,825.0
65,65,78.0,0.1,21.8,99.0,34.0,71.0,1001,2.0,33.6,68.2,823.0
65,65,78.0,0.1,21.8,99.0,34.0,71.0,1001,2.0,33.6,68.2,823.0
65,65,78.0,0.1,21.8,99.0,34.0,71.0,1001,2.0,33.6,68.2,823.0
65,65,78.0,0.1,21.8,99.0,34.0,71.0,1001,2.0,33.6,68.2,824.0
65,65,78.0,0.1,21.8,99.0,34.0,71.0,1001,2.0,33.6,68.2,823.0
65,65,78.0,0.1,21.8,98.9,34.0,71.0,1001,2.0,33.6,68.3,824.0
65,65,78.0,0.1,21.8,98.9,34.0,71.0,1001,2.0,33.6,68.3,825.0
65,65,78.0,0.1,21.8,98.9,34.0,71.0,1001,2.0,33.6,68.3,825.0
65,65,78.0,0.1,21.8,98.9,34.0,71.0,1001,2.0,33.6,68.3,827.0
65,65,78.0,0.1,21.8,98.9,34.0,71.0,1001,2.0,33.6,68.3,825.0
65,65,78.0,0.1,21.8,98.9,34.0,71.0,1001,2.0,33.6,68.3,825.0
65,65,78.0,0.1,21.8,98.9,34.0,71.0,1001,2.0,33.6,68.3,824.0
65,65,78.0,0.1,21.8,98.9,34.0,71.0,1001,2.0,33.6,68.3,825.0
65,65,78.0,0.1,21.8,99.0,34.0,71.0,1001,2.0,33.6,68.2,825.0
65,65,78.0,0.1,21.8,99.0,34.0,71.0,1001,2.0,33.6,68.2,825.0
65,65,78.0,0.1,21.8,99.0,34.0,71.0,1001,2.0,33.6,68.2,824.0
65,65,78.0,0.1,21.8,99.0,34.0,71.0,1001,2.0,33.6,68.2,825.0
65,65,78.0,0.1,21.8,99.0,34.0,71.0,1001,2.0,33.6,68.2,823.0
65,65,78.0,0.1,21.8,99.0,34.0,71.0,1001,2.0,33.6,68.2,827.0
65,65,78.0,0.1,21.8,99.0,34.0,71.0,1001,2.0,33.6,68.2,819.0
65,65,78.0,0.1,21.8,99.0,34.0,71.0,1001,2.0,33.6,68.2,816.0
65,65,78.0,0.1,21.8,99.0,34.0,71.0,1001,2.0,33.6,68.2,815.0
65,65,78.0,0.1,21.8,99.0,34.0,71.0,1001,2.0,33.6,68.2,815.0
65,65,78.0,0.1,21.8,99.0,34.0,71.0,1001,2.0,33.6,68.2,814.0
65,65,78.0,0.1,21.8,99.0,34.0,71.0,1001,2.0,33.6,68.2,815.0
65,65,78.0,0.1,21.8,99.0,34.0,71.0,1001,2.0,33.6,68.2,825.0
65,65,78.0,0.1,21.8,99.0,34.0,71.0,1001,2.0,33.6,68.2,812.0
65,65,78.0,0.1,21.8,98.9,34.0,71.0,1001,2.0,33.6,68.3,811.0
65,65,78.0,0.1,21.8,98.9,34.0,71.0,1001,2.0,33.6,68.3,813.0
65,65,78.0,0.1,21.8,98.9,34.0,71.0,1001,2.0,33.6,68.3,850.0
65,65,78.0,0.1,21.8,98.9,34.0,71.0,1001,2.0,33.6,68.3,855.0
65,65,78.0,0.1,21.8,98.9,34.0,71.0,1001,2.0,33.6,68.3,860.0
65,65,78.0,0.1,21.8,98.9,34.0,71.0,1001,2.0,33.6,68.3,855.0
65,65,78.0,0.1,21.8,98.9,34.0,71.0,1001,2.0,33.6,68.3,855.0
65,65,78.0,0.1,21.8,98.9,34.0,71.0,1001,2.0,33.6,68.3,856.0
65,65,78.0,0.1,21.8,98.9,34.0,71.0,1001,2.0,33.6,68.3,853.0
65,65,78.0,0.1,21.8,98.9,34.0,71.0,1001,2.0,33.6,68.3,853.0
65,65,78.0,0.1,21.8,98.9,34.0,71.0,1001,2.0,33.6,68.3,851.0
65,65,78.0,0.1,21.8,98.9,34.0,71.0,1001,2.0,33.6,68.3,847.0
65,65,78.0,0.1,21.8,98.9,34.0,71.0,1001,2.0,33.6,68.3,846.0
65,65,78.0,0.1,21.8,98.9,34.0,71.0,1001,2.0,33.6,68.3,843.0
65,65,78.0,0.1,21.8,98.9,34.0,71.0,1001,2.0,33.6,68.3,843.0
65,65,78.0,0.1,21.8,98.9,34.0,71.0,1001,2.0,33.6,68.3,841.0
65,65,78.0,0.1,21.8,98.9,34.0,71.0,1001,2.0,33.6,68.3,843.0
65,65,78.0,0.1,21.8,98.9,34.0,71.0,1001,2.0,33.6,68.3,838.0
65,65,78.0,0.1,21.75,98.7,34.0,71.0,1001,2.0,33.5,68.3,839.0
65,65,78.0,0.1,21.75,98.7,34.0,71.0,1001,2.0,33.5,68.3,839.0
65,65,78.0,0.1,21.75,98.7,34.0,71.0,1001,2.0,33.5,68.3,841.0
65,65,78.0,0.1,21.75,98.7,34.0,71.0,1001,2.0,33.5,68.3,831.0
65,65,78.0,0.1,21.75,98.7,34.0,71.0,1001,2.0,33.5,68.3,837.0
65,65,78.0,0.1,21.75,98.7,34.0,71.0,1001,2.0,33.5,68.3,838.0
65,65,78.0,0.1,21.75,98.7,34.0,71.0,1001,2.0,33.5,68.3,839.0
65,65,78.0,0.1,21.75,98.7,34.0,71.0,1001,2.0,33.5,68.3,831.0
65,65,78.0,0.1,21.75,98.7,34.0,71.0,1001,2.0,33.5,68.3,789.0
65,65,78.0,0.1,21.75,98.7,34.0,71.0,1001,2.0,33.5,68.3,791.0
65,65,78.0,0.1,21.75,98.7,34.0,71.0,1001,2.0,33.5,68.3,793.0
65,65,78.0,0.1,21.75,98.7,34.0,71.0,1001,2.0,33.5,68.3,795.0
65,65,78.0,0.1,21.75,98.7,34.0,71.0,1001,2.0,33.5,68.3,797.0
65,65,78.0,0.1,21.75,98.7,34.0,71.0,1001,2.0,33.5,68.3,796.0
65,65,78.0,0.1,21.8,98.9,34.0,71.0,1001,2.0,33.6,68.3,796.0
65,65,78.0,0.1,21.8,98.9,34.0,71.0,1001,2.0,33.6,68.3,796.0
65,65,78.0,0.1,21.75,98.7,34.0,71.0,1001,2.0,33.5,68.3,787.0
65,65,78.0,0.1,21.75,98.7,34.0,71.0,1001,2.0,33.5,68.3,787.0
65,65,78.0,0.1,21.75,98.6,34.0,71.0,1001,2.0,33.5,68.4,789.0
65,65,78.0,0.1,21.75,98.6,34.0,71.0,1001,2.0,33.5,68.4,793.0
65,65,78.0,0.1,21.75,98.5,34.0,71.0,1001,2.0,33.5,68.5,793.0
65,65,78.0,0.1,21.75,98.5,34.0,71.0,1001,2.0,33.5,68.5,795.0
65,65,78.0,0.1,21.75,98.5,34.0,71.0,1001,2.0,33.5,68.5,795.0
65,65,78.0,0.1,21.75,98.5,34.0,71.0,1001,2.0,33.5,68.5,798.0
65,65,78.0,0.1,21.75,98.5,34.0,71.0,1001,2.0,33.5,68.5,802.0
65,65,78.0,0.1,21.75,98.5,34.0,71.0,1001,2.0,33.5,68.5,799.0
65,65,78.0,0.1,21.75,98.5,34.0,71.0,1001,2.0,33.5,68.5,800.0
65,65,78.0,0.1,21.75,98.5,34.0,71.0,1001,2.0,33.5,68.5,800.0
65,65,78.0,0.1,21.75,98.5,34.0,71.0,1001,2.0,33.5,68.5,804.0
65,65,78.0,0.1,21.75,98.5,34.0,71.0,1001,2.0,33.5,68.5,800.0
65,65,78.0,0.1,21.75,98.5,34.0,71.0,1001,2.0,33.5,68.5,804.0
65,65,78.0,0.1,21.75,98.5,34.0,71.0,1001,2.0,33.5,68.5,799.0
65,65,78.0,0.1,21.75,98.5,34.0,71.0,1001,2.0,33.5,68.5,805.0
65,65,78.0,0.1,21.75,98.5,34.0,71.0,1001,2.0,33.5,68.5,803.0
65,65,78.0,0.1,21.75,98.5,34.0,71.0,1001,2.0,33.5,68.5,804.0
65,65,78.0,0.1,21.75,98.5,34.0,71.0,1001,2.0,33.5,68.5,803.0
65,65,78.0,0.1,21.75,98.5,34.0,71.0,1001,2.0,33.5,68.5,803.0
65,65,78.0,0.1,21.75,98.5,34.0,71.0,1001,2.0,33.5,68.5,805.0
65,65,78.0,0.1,21.8,98.7,34.0,71.0,1001,2.0,33.6,68.5,803.0
65,65,78.0,0.1,21.8,98.7,34.0,71.0,1001,2.0,33.6,68.5,803.0
65,65,78.0,0.1,21.75,98.5,34.0,71.0,1001,2.0,33.5,68.5,804.0
65,65,78.0,0.1,21.75,98.5,34.0,71.0,1001,2.0,33.5,68.5,800.0
65,65,78.0,0.1,21.75,98.5,34.0,71.0,1001,2.0,33.5,68.5,803.0
65,65,78.0,0.1,21.75,98.5,34.0,71.0,1001,2.0,33.5,68.5,803.0
65,65,78.0,0.1,21.75,98.5,34.0,71.0,1001,2.0,33.5,68.5,803.0
65,65,78.0,0.1,21.75,98.5,34.0,71.0,1001,2.0,33.5,68.5,799.0
65,65,78.0,0.1,21.75,98.5,34.0,71.0,1001,2.0,33.5,68.5,799.0
65,65,78.0,0.1,21.75,98.5,34.0,71.0,1001,2.0,33.5,68.5,799.0
65,65,78.0,0.1,21.75,98.5,34.0,71.0,1001,2.0,33.5,68.5,799.0
65,65,78.0,0.1,21.75,98.5,34.0,71.0,1001,2.0,33.5,68.5,798.0
65,65,78.0,0.1,21.75,98.5,34.0,71.0,1001,2.0,33.5,68.5,799.0
65,65,78.0,0.1,21.75,98.5,34.0,71.0,1001,2.0,33.5,68.5,797.0
65,65,78.0,0.1,21.75,98.5,34.0,71.0,1001,2.0,33.5,68.5,797.0
65,65,78.0,0.1,21.75,98.5,34.0,71.0,1001,2.0,33.5,68.5,795.0
65,65,78.0,0.1,21.75,98.5,34.0,71.0,1001,2.0,33.5,68.5,797.0
65,65,78.0,0.1,21.75,98.5,34.0,71.0,1001,2.0,33.5,68.5,797.0
65,65,78.0,0.1,21.8,98.7,34.0,71.0,1001,2.0,33.6,68.5,795.0
65,65,78.0,0.1,21.8,98.7,34.0,71.0,1001,2.0,33.6,68.5,795.0
65,65,78.0,0.1,21.8,98.7,34.0,71.0,1001,2.0,33.6,68.5,792.0
65,65,78.0,0.1,21.8,98.7,34.0,71.0,1001,2.0,33.6,68.5,792.0
65,65,78.0,0.1,21.75,98.5,34.0,71.0,1001,2.0,33.5,68.5,791.0
65,65,78.0,0.1,21.75,98.5,34.0,71.0,1001,2.0,33.5,68.5,791.0
65,65,78.0,0.1,21.8,98.7,34.0,71.0,1001,2.0,33.6,68.5,791.0
65,65,78.0,0.1,21.8,98.7,34.0,71.0,1001,2.0,33.6,68.5,789.0
65,65,78.0,0.1,21.75,98.5,34.0,71.0,1001,2.0,33.5,68.5,789.0
65,65,78.0,0.1,21.75,98.5,34.0,71.0,1001,2.0,33.5,68.5,789.0
65,65,78.0,0.1,21.75,98.5,34.0,71.0,1001,2.0,33.5,68.5,788.0
65,65,78.0,0.1,21.75,98.5,34.0,71.0,1001,2.0,33.5,68.5,789.0
65,65,78.0,0.1,21.75,98.5,34.0,71.0,1001,2.0,33.5,68.5,787.0
65,65,78.0,0.1,21.75,98.5,34.0,71.0,1001,2.0,33.5,68.5,788.0
51,51,61.199999999999996,0.1,21.75,98.5,33.0,75.0,1000,1.5,33.5,68.5,790.0
51,51,61.199999999999996,0.1,21.75,98.5,33.0,75.0,1000,1.5,33.5,68.5,789.0
51,51,61.199999999999996,0.1,21.75,98.5,33.0,75.0,1000,1.5,33.5,68.5,790.0
51,51,61.199999999999996,0.1,21.75,98.5,33.0,75.0,1000,1.5,33.5,68.5,789.0
51,51,61.199999999999996,0.1,21.75,98.5,33.0,75.0,1000,1.5,33.5,68.5,787.0
51,51,61.199999999999996,0.1,21.75,98.5,33.0,75.0,1000,1.5,33.5,68.5,787.0
51,51,61.199999999999996,0.1,21.75,98.5,33.0,75.0,1000,1.5,33.5,68.5,787.0
51,51,61.199999999999996,0.1,21.75,98.5,33.0,75.0,1000,1.5,33.5,68.5,787.0
51,51,61.199999999999996,0.1,21.75,98.5,33.0,75.0,1000,1.5,33.5,68.5,787.0
51,51,61.199999999999996,0.1,21.75,98.5,33.0,75.0,1000,1.5,33.5,68.5,787.0
51,51,61.199999999999996,0.1,21.75,98.5,33.0,75.0,1000,1.5,33.5,68.5,785.0
51,51,61.199999999999996,0.1,21.75,98.5,33.0,75.0,1000,1.5,33.5,68.5,787.0
51,51,61.199999999999996,0.1,21.75,98.5,33.0,75.0,1000,1.5,33.5,68.5,784.0
51,51,61.199999999999996,0.1,21.75,98.5,33.0,75.0,1000,1.5,33.5,68.5,783.0
51,51,61.199999999999996,0.1,21.75,98.5,33.0,75.0,1000,1.5,33.5,68.5,786.0
51,51,61.199999999999996,0.1,21.75,98.5,33.0,75.0,1000,1.5,33.5,68.5,786.0
51,51,61.199999999999996,0.1,21.8,98.7,33.0,75.0,1000,1.5,33.6,68.5,781.0
51,51,61.199999999999996,0.1,21.8,98.7,33.0,75.0,1000,1.5,33.6,68.5,782.0
51,51,61.199999999999996,0.1,21.75,98.5,33.0,75.0,1000,1.5,33.5,68.5,783.0
51,51,61.199999999999996,0.1,21.75,98.5,33.0,75.0,1000,1.5,33.5,68.5,781.0
51,51,61.199999999999996,0.1,21.75,98.5,33.0,75.0,1000,1.5,33.5,68.5,781.0
51,51,61.199999999999996,0.1,21.75,98.5,33.0,75.0,1000,1.5,33.5,68.5,781.0
51,51,61.199999999999996,0.1,21.75,98.5,33.0,75.0,1000,1.5,33.5,68.5,781.0
51,51,61.199999999999996,0.1,21.75,98.5,33.0,75.0,1000,1.5,33.5,68.5,780.0
51,51,61.199999999999996,0.1,21.75,98.5,33.0,75.0,1000,1.5,33.5,68.5,779.0
51,51,61.199999999999996,0.1,21.75,98.5,33.0,75.0,1000,1.5,33.5,68.5,777.0
51,51,61.199999999999996,0.1,21.75,98.5,33.0,75.0,1000,1.5,33.5,68.5,779.0
51,51,61.199999999999996,0.1,21.75,98.5,33.0,75.0,1000,1.5,33.5,68.5,781.0
51,51,61.199999999999996,0.1,21.75,98.5,33.0,75.0,1000,1.5,33.5,68.5,779.0
51,51,61.199999999999996,0.1,21.75,98.5,33.0,75.0,1000,1.5,33.5,68.5,779.0
51,51,61.199999999999996,0.1,21.75,98.5,33.0,75.0,1000,1.5,33.5,68.5,778.0
51,51,61.199999999999996,0.1,21.75,98.5,33.0,75.0,1000,1.5,33.5,68.5,777.0
51,51,61.199999999999996,0.1,21.75,98.5,33.0,75.0,1000,1.5,33.5,68.5,777.0
51,51,61.199999999999996,0.1,21.75,98.5,33.0,75.0,1000,1.5,33.5,68.5,777.0
51,51,61.199999999999996,0.1,21.75,98.5,33.0,75.0,1000,1.5,33.5,68.5,775.0
51,51,61.199999999999996,0.1,21.75,98.5,33.0,75.0,1000,1.5,33.5,68.5,777.0
51,51,61.199999999999996,0.1,21.75,98.5,33.0,75.0,1000,1.5,33.5,68.5,775.0
51,51,61.199999999999996,0.1,21.75,98.5,33.0,75.0,1000,1.5,33.5,68.5,775.0
51,51,61.199999999999996,0.1,21.75,98.5,33.0,75.0,1000,1.5,33.5,68.5,773.0
51,51,61.199999999999996,0.1,21.75,98.5,33.0,75.0,1000,1.5,33.5,68.5,767.0
51,51,61.199999999999996,0.1,21.8,98.7,33.0,75.0,1000,1.5,33.6,68.5,773.0
51,51,61.199999999999996,0.1,21.8,98.7,33.0,75.0,1000,1.5,33.6,68.5,767.0
51,51,61.199999999999996,0.1,21.75,98.5,33.0,75.0,1000,1.5,33.5,68.5,773.0
51,51,61.199999999999996,0.1,21.75,98.5,33.0,75.0,1000,1.5,33.5,68.5,773.0
51,51,61.199999999999996,0.1,21.75,98.5,33.0,75.0,1000,1.5,33.5,68.5,772.0
51,51,61.199999999999996,0.1,21.75,98.5,33.0,75.0,1000,1.5,33.5,68.5,767.0
51,51,61.199999999999996,0.1,21.75,98.5,33.0,75.0,1000,1.5,33.5,68.5,767.0
51,51,61.199999999999996,0.1,21.75,98.5,33.0,75.0,1000,1.5,33.5,68.5,765.0
51,51,61.199999999999996,0.1,21.75,98.5,33.0,75.0,1000,1.5,33.5,68.5,765.0
51,51,61.199999999999996,0.1,21.75,98.5,33.0,75.0,1000,1.5,33.5,68.5,765.0
51,51,61.199999999999996,0.1,21.75,98.5,33.0,75.0,1000,1.5,33.5,68.5,767.0
51,51,61.199999999999996,0.1,21.75,98.5,33.0,75.0,1000,1.5,33.5,68.5,765.0
51,51,61.199999999999996,0.1,21.75,98.5,33.0,75.0,1000,1.5,33.5,68.5,766.0
51,51,61.199999999999996,0.1,21.75,98.5,33.0,75.0,1000,1.5,33.5,68.5,765.0
51,51,61.199999999999996,0.1,21.75,98.5,33.0,75.0,1000,1.5,33.5,68.5,765.0
51,51,61.199999999999996,0.1,21.75,98.5,33.0,75.0,1000,1.5,33.5,68.5,765.0
51,51,61.199999999999996,0.1,21.75,98.5,33.0,75.0,1000,1.5,33.5,68.5,765.0
51,51,61.199999999999996,0.1,21.75,98.5,33.0,75.0,1000,1.5,33.5,68.5,765.0
51,51,61.199999999999996,0.1,21.75,98.6,33.0,75.0,1000,1.5,33.5,68.4,765.0
51,51,61.199999999999996,0.1,21.75,98.6,33.0,75.0,1000,1.5,33.5,68.4,763.0
51,51,61.199999999999996,0.1,21.75,98.6,33.0,75.0,1000,1.5,33.5,68.4,765.0
51,51,61.199999999999996,0.1,21.75,98.6,33.0,75.0,1000,1.5,33.5,68.4,765.0
51,51,61.199999999999996,0.1,21.75,98.6,33.0,75.0,1000,1.5,33.5,68.4,765.0
51,51,61.199999999999996,0.1,21.75,98.6,33.0,75.0,1000,1.5,33.5,68.4,764.0
51,51,61.199999999999996,0.1,21.8,98.8,33.0,75.0,1000,1.5,33.6,68.4,764.0
51,51,61.199999999999996,0.1,21.8,98.8,33.0,75.0,1000,1.5,33.6,68.4,764.0
51,51,61.199999999999996,0.1,21.75,98.6,33.0,75.0,1000,1.5,33.5,68.4,764.0
51,51,61.199999999999996,0.1,21.75,98.6,33.0,75.0,1000,1.5,33.5,68.4,763.0
51,51,61.199999999999996,0.1,21.75,98.6,33.0,75.0,1000,1.5,33.5,68.4,763.0
51,51,61.199999999999996,0.1,21.75,98.6,33.0,75.0,1000,1.5,33.5,68.4,763.0
51,51,61.199999999999996,0.1,21.75,98.6,33.0,75.0,1000,1.5,33.5,68.4,762.0
51,51,61.199999999999996,0.1,21.75,98.6,33.0,75.0,1000,1.5,33.5,68.4,763.0
51,51,61.199999999999996,0.1,21.75,98.6,33.0,75.0,1000,1.5,33.5,68.4,763.0
51,51,61.199999999999996,0.1,21.75,98.6,33.0,75.0,1000,1.5,33.5,68.4,763.0
51,51,61.199999999999996,0.1,21.75,98.6,33.0,75.0,1000,1.5,33.5,68.4,761.0
51,51,61.199999999999996,0.1,21.75,98.6,33.0,75.0,1000,1.5,33.5,68.4,762.0
51,51,61.199999999999996,0.1,21.75,98.6,33.0,75.0,1000,1.5,33.5,68.4,761.0
51,51,61.199999999999996,0.1,21.75,98.6,33.0,75.0,1000,1.5,33.5,68.4,760.0
51,51,61.199999999999996,0.1,21.75,98.6,33.0,75.0,1000,1.5,33.5,68.4,761.0
51,51,61.199999999999996,0.1,21.75,98.6,33.0,75.0,1000,1.5,33.5,68.4,761.0
51,51,61.199999999999996,0.1,21.75,98.6,33.0,75.0,1000,1.5,33.5,68.4,761.0
51,51,61.199999999999996,0.1,21.75,98.6,33.0,75.0,1000,1.5,33.5,68.4,759.0
51,51,61.199999999999996,0.1,21.75,98.6,33.0,75.0,1000,1.5,33.5,68.4,759.0
51,51,61.199999999999996,0.1,21.75,98.6,33.0,75.0,1000,1.5,33.5,68.4,759.0
51,51,61.199999999999996,0.1,21.75,98.6,33.0,75.0,1000,1.5,33.5,68.4,757.0
51,51,61.199999999999996,0.1,21.75,98.6,33.0,75.0,1000,1.5,33.5,68.4,757.0
51,51,61.199999999999996,0.1,21.75,98.5,33.0,75.0,1000,1.5,33.5,68.5,755.0
51,51,61.199999999999996,0.1,21.75,98.5,33.0,75.0,1000,1.5,33.5,68.5,755.0
51,51,61.199999999999996,0.1,21.75,98.5,33.0,75.0,1000,1.5,33.5,68.5,755.0
51,51,61.199999999999996,0.1,21.75,98.5,33.0,75.0,1000,1.5,33.5,68.5,752.0
51,51,61.199999999999996,0.1,21.75,98.5,33.0,75.0,1000,1.5,33.5,68.5,755.0
51,51,61.199999999999996,0.1,21.75,98.5,33.0,75.0,1000,1.5,33.5,68.5,751.0
51,51,61.199999999999996,0.1,21.75,98.5,33.0,75.0,1000,1.5,33.5,68.5,753.0
51,51,61.199999999999996,0.1,21.75,98.5,33.0,75.0,1000,1.5,33.5,68.5,751.0
51,51,61.199999999999996,0.1,21.75,98.5,33.0,75.0,1000,1.5,33.5,68.5,749.0
51,51,61.199999999999996,0.1,21.75,98.5,33.0,75.0,1000,1.5,33.5,68.5,749.0
51,51,61.199999999999996,0.1,21.75,98.5,33.0,75.0,1000,1.5,33.5,68.5,748.0
51,51,61.199999999999996,0.1,21.75,98.5,33.0,75.0,1000,1.5,33.5,68.5,749.0
51,51,61.199999999999996,0.1,21.75,98.5,33.0,75.0,1000,1.5,33.5,68.5,748.0
51,51,61.199999999999996,0.1,21.75,98.5,33.0,75.0,1000,1.5,33.5,68.5,748.0
51,51,61.199999999999996,0.1,21.75,98.5,33.0,75.0,1000,1.5,33.5,68.5,747.0
51,51,61.199999999999996,0.1,21.75,98.5,33.0,75.0,1000,1.5,33.5,68.5,747.0
51,51,61.199999999999996,0.1,21.75,98.5,33.0,75.0,1000,1.5,33.5,68.5,747.0
51,51,61.199999999999996,0.1,21.75,98.5,33.0,75.0,1000,1.5,33.5,68.5,746.0
51,51,61.199999999999996,0.1,21.75,98.5,33.0,75.0,1000,1.5,33.5,68.5,745.0
51,51,61.199999999999996,0.1,21.75,98.5,33.0,75.0,1000,1.5,33.5,68.5,744.0
51,51,61.199999999999996,0.1,21.75,98.5,33.0,75.0,1000,1.5,33.5,68.5,745.0
51,51,61.199999999999996,0.1,21.75,98.5,33.0,75.0,1000,1.5,33.5,68.5,745.0
51,51,61.199999999999996,0.1,21.75,98.5,33.0,75.0,1000,1.5,33.5,68.5,744.0
51,51,61.199999999999996,0.1,21.75,98.5,33.0,75.0,1000,1.5,33.5,68.5,745.0
51,51,61.199999999999996,0.1,21.75,98.5,33.0,75.0,1000,1.5,33.5,68.5,743.0
51,51,61.199999999999996,0.1,21.75,98.5,33.0,75.0,1000,1.5,33.5,68.5,743.0
51,51,61.199999999999996,0.1,21.8,98.7,33.0,75.0,1000,1.5,33.6,68.5,743.0
51,51,61.199999999999996,0.1,21.8,98.7,33.0,75.0,1000,1.5,33.6,68.5,743.0
51,51,61.199999999999996,0.1,21.75,98.6,33.0,75.0,1000,1.5,33.5,68.4,744.0
51,51,61.199999999999996,0.1,21.75,98.6,33.0,75.0,1000,1.5,33.5,68.4,743.0
51,51,61.199999999999996,0.1,21.75,98.5,33.0,75.0,1000,1.5,33.5,68.5,743.0
51,51,61.199999999999996,0.1,21.75,98.5,33.0,75.0,1000,1.5,33.5,68.5,742.0
51,51,61.199999999999996,0.1,21.75,98.5,33.0,75.0,1000,1.5,33.5,68.5,739.0
51,51,61.199999999999996,0.1,21.75,98.5,33.0,75.0,1000,1.5,33.5,68.5,741.0
51,51,61.199999999999996,0.1,21.75,98.6,33.0,75.0,1000,1.5,33.5,68.4,741.0
51,51,61.199999999999996,0.1,21.75,98.6,33.0,75.0,1000,1.5,33.5,68.4,741.0
51,51,61.199999999999996,0.1,21.75,98.6,33.0,75.0,1000,1.5,33.5,68.4,738.0
51,51,61.199999999999996,0.1,21.75,98.6,33.0,75.0,1000,1.5,33.5,68.4,739.0
51,51,61.199999999999996,0.1,21.75,98.6,33.0,75.0,1000,1.5,33.5,68.4,738.0
51,51,61.199999999999996,0.1,21.75,98.6,33.0,75.0,1000,1.5,33.5,68.4,735.0
51,51,61.199999999999996,0.1,21.75,98.6,33.0,75.0,1000,1.5,33.5,68.4,736.0
51,51,61.199999999999996,0.1,21.75,98.6,33.0,75.0,1000,1.5,33.5,68.4,734.0
51,51,61.199999999999996,0.1,21.75,98.6,33.0,75.0,1000,1.5,33.5,68.4,735.0
51,51,61.199999999999996,0.1,21.75,98.6,33.0,75.0,1000,1.5,33.5,68.4,733.0
51,51,61.199999999999996,0.1,21.75,98.6,33.0,75.0,1000,1.5,33.5,68.4,733.0
51,51,61.199999999999996,0.1,21.75,98.6,33.0,75.0,1000,1.5,33.5,68.4,732.0
51,51,61.199999999999996,0.1,21.75,98.6,33.0,75.0,1000,1.5,33.5,68.4,733.0
51,51,61.199999999999996,0.1,21.75,98.6,33.0,75.0,1000,1.5,33.5,68.4,733.0
51,51,61.199999999999996,0.1,21.75,98.6,33.0,75.0,1000,1.5,33.5,68.4,733.0
51,51,61.199999999999996,0.1,21.75,98.6,33.0,75.0,1000,1.5,33.5,68.4,733.0
51,51,61.199999999999996,0.1,21.8,98.8,33.0,75.0,1000,1.5,33.6,68.4,733.0
51,51,61.199999999999996,0.1,21.8,98.8,33.0,75.0,1000,1.5,33.6,68.4,733.0
51,51,61.199999999999996,0.1,21.75,98.6,33.0,75.0,1000,1.5,33.5,68.4,732.0
51,51,61.199999999999996,0.1,21.75,98.6,33.0,75.0,1000,1.5,33.5,68.4,733.0
51,51,61.199999999999996,0.1,21.75,98.6,33.0,75.0,1000,1.5,33.5,68.4,731.0
51,51,61.199999999999996,0.1,21.75,98.6,33.0,75.0,1000,1.5,33.5,68.4,731.0
51,51,61.199999999999996,0.1,21.75,98.6,33.0,75.0,1000,1.5,33.5,68.4,731.0
51,51,61.199999999999996,0.1,21.75,98.6,33.0,75.0,1000,1.5,33.5,68.4,731.0
51,51,61.199999999999996,0.1,21.75,98.6,33.0,75.0,1000,1.5,33.5,68.4,729.0
51,51,61.199999999999996,0.1,21.75,98.6,33.0,75.0,1000,1.5,33.5,68.4,731.0
51,51,61.199999999999996,0.1,21.75,98.6,33.0,75.0,1000,1.5,33.5,68.4,731.0
51,51,61.199999999999996,0.1,21.75,98.6,33.0,75.0,1000,1.5,33.5,68.4,729.0
51,51,61.199999999999996,0.1,21.75,98.6,33.0,75.0,1000,1.5,33.5,68.4,729.0
51,51,61.199999999999996,0.1,21.75,98.6,33.0,75.0,1000,1.5,33.5,68.4,729.0
51,51,61.199999999999996,0.1,21.75,98.6,33.0,75.0,1000,1.5,33.5,68.4,729.0
51,51,61.199999999999996,0.1,21.75,98.6,33.0,75.0,1000,1.5,33.5,68.4,729.0
51,51,61.199999999999996,0.1,21.75,98.6,33.0,75.0,1000,1.5,33.5,68.4,731.0
51,51,61.199999999999996,0.1,21.75,98.6,33.0,75.0,1000,1.5,33.5,68.4,729.0
51,51,61.199999999999996,0.1,21.75,98.6,33.0,75.0,1000,1.5,33.5,68.4,728.0
51,51,61.199999999999996,0.1,21.75,98.6,33.0,75.0,1000,1.5,33.5,68.4,730.0
51,51,61.199999999999996,0.1,21.75,98.6,33.0,75.0,1000,1.5,33.5,68.4,729.0
51,51,61.199999999999996,0.1,21.75,98.6,33.0,75.0,1000,1.5,33.5,68.4,730.0
51,51,61.199999999999996,0.1,21.75,98.6,33.0,75.0,1000,1.5,33.5,68.4,727.0
51,51,61.199999999999996,0.1,21.75,98.6,33.0,75.0,1000,1.5,33.5,68.4,728.0
51,51,61.199999999999996,0.1,21.8,98.7,33.0,75.0,1000,1.5,33.6,68.5,729.0
51,51,61.199999999999996,0.1,21.8,98.7,33.0,75.0,1000,1.5,33.6,68.5,727.0
51,51,61.199999999999996,0.1,21.75,98.6,33.0,75.0,1000,1.5,33.5,68.4,725.0
51,51,61.199999999999996,0.1,21.75,98.6,33.0,75.0,1000,1.5,33.5,68.4,727.0
51,51,61.199999999999996,0.1,21.75,98.5,33.0,75.0,1000,1.5,33.5,68.5,727.0
51,51,61.199999999999996,0.1,21.75,98.5,33.0,75.0,1000,1.5,33.5,68.5,726.0
51,51,61.199999999999996,0.1,21.75,98.5,33.0,75.0,1000,1.5,33.5,68.5,725.0
51,51,61.199999999999996,0.1,21.75,98.5,33.0,75.0,1000,1.5,33.5,68.5,728.0
51,51,61.199999999999996,0.1,21.75,98.5,33.0,75.0,1000,1.5,33.5,68.5,727.0
51,51,61.199999999999996,0.1,21.75,98.5,33.0,75.0,1000,1.5,33.5,68.5,725.0
51,51,61.199999999999996,0.1,21.75,98.5,33.0,75.0,1000,1.5,33.5,68.5,725.0
51,51,61.199999999999996,0.1,21.75,98.5,33.0,75.0,1000,1.5,33.5,68.5,726.0
51,51,61.199999999999996,0.1,21.75,98.5,33.0,75.0,1000,1.5,33.5,68.5,724.0
51,51,61.199999999999996,0.1,21.75,98.5,33.0,75.0,1000,1.5,33.5,68.5,724.0
51,51,61.199999999999996,0.1,21.75,98.5,33.0,75.0,1000,1.5,33.5,68.5,725.0
51,51,61.199999999999996,0.1,21.75,98.5,33.0,75.0,1000,1.5,33.5,68.5,725.0
51,51,61.199999999999996,0.1,21.75,98.5,33.0,75.0,1000,1.5,33.5,68.5,727.0
51,51,61.199999999999996,0.1,21.75,98.5,33.0,75.0,1000,1.5,33.5,68.5,725.0
51,51,61.199999999999996,0.1,21.75,98.5,33.0,75.0,1000,1.5,33.5,68.5,727.0
51,51,61.199999999999996,0.1,21.75,98.5,33.0,75.0,1000,1.5,33.5,68.5,725.0
51,51,61.199999999999996,0.1,21.75,98.5,33.0,75.0,1000,1.5,33.5,68.5,725.0
51,51,61.199999999999996,0.1,21.75,98.5,33.0,75.0,1000,1.5,33.5,68.5,725.0
51,51,61.199999999999996,0.1,21.75,98.5,33.0,75.0,1000,1.5,33.5,68.5,723.0
51,51,61.199999999999996,0.1,21.75,98.5,33.0,75.0,1000,1.5,33.5,68.5,725.0
51,51,61.199999999999996,0.1,21.75,98.5,33.0,75.0,1000,1.5,33.5,68.5,724.0
51,51,61.199999999999996,0.1,21.75,98.5,33.0,75.0,1000,1.5,33.5,68.5,725.0
51,51,61.199999999999996,0.1,21.75,98.5,33.0,75.0,1000,1.5,33.5,68.5,725.0
51,51,61.199999999999996,0.1,21.75,98.5,33.0,75.0,1000,1.5,33.5,68.5,723.0
51,51,61.199999999999996,0.1,21.75,98.5,33.0,75.0,1000,1.5,33.5,68.5,725.0
51,51,61.199999999999996,0.1,21.75,98.5,33.0,75.0,1000,1.5,33.5,68.5,723.0
51,51,61.199999999999996,0.1,21.75,98.5,33.0,75.0,1000,1.5,33.5,68.5,723.0
51,51,61.199999999999996,0.1,21.75,98.5,33.0,75.0,1000,1.5,33.5,68.5,722.0
51,51,61.199999999999996,0.1,21.75,98.4,33.0,75.0,1000,1.5,33.5,68.6,723.0
51,51,61.199999999999996,0.1,21.75,98.4,33.0,75.0,1000,1.5,33.5,68.6,724.0
51,51,61.199999999999996,0.1,21.75,98.4,33.0,75.0,1000,1.5,33.5,68.6,724.0
51,51,61.199999999999996,0.1,21.75,98.4,33.0,75.0,1000,1.5,33.5,68.6,723.0
51,51,61.199999999999996,0.1,21.75,98.4,33.0,75.0,1000,1.5,33.5,68.6,720.0
51,51,61.199999999999996,0.1,21.75,98.4,33.0,75.0,1000,1.5,33.5,68.6,719.0
51,51,61.199999999999996,0.1,21.75,98.4,33.0,75.0,1000,1.5,33.5,68.6,721.0
51,51,61.199999999999996,0.1,21.75,98.4,33.0,75.0,1000,1.5,33.5,68.6,719.0
51,51,61.199999999999996,0.1,21.75,98.4,33.0,75.0,1000,1.5,33.5,68.6,723.0
51,51,61.199999999999996,0.1,21.75,98.4,33.0,75.0,1000,1.5,33.5,68.6,723.0
51,51,61.199999999999996,0.1,21.75,98.4,33.0,75.0,1000,1.5,33.5,68.6,723.0
51,51,61.199999999999996,0.1,21.75,98.4,33.0,75.0,1000,1.5,33.5,68.6,719.0
51,51,61.199999999999996,0.1,21.75,98.4,33.0,75.0,1000,1.5,33.5,68.6,721.0
51,51,61.199999999999996,0.1,21.75,98.4,33.0,75.0,1000,1.5,33.5,68.6,722.0
51,51,61.199999999999996,0.1,21.75,98.4,33.0,75.0,1000,1.5,33.5,68.6,717.0
51,51,61.199999999999996,0.1,21.75,98.4,33.0,75.0,1000,1.5,33.5,68.6,719.0
51,51,61.199999999999996,0.1,21.75,98.3,33.0,75.0,1000,1.5,33.5,68.7,718.0
51,51,61.199999999999996,0.1,21.75,98.3,33.0,75.0,1000,1.5,33.5,68.7,717.0
51,51,61.199999999999996,0.1,21.75,98.3,33.0,75.0,1000,1.5,33.5,68.7,717.0
51,51,61.199999999999996,0.1,21.75,98.3,33.0,75.0,1000,1.5,33.5,68.7,716.0
51,51,61.199999999999996,0.1,21.75,98.3,33.0,75.0,1000,1.5,33.5,68.7,717.0
51,51,61.199999999999996,0.1,21.75,98.3,33.0,75.0,1000,1.5,33.5,68.7,716.0
51,51,61.199999999999996,0.1,21.75,98.3,33.0,75.0,1000,1.5,33.5,68.7,714.0
51,51,61.199999999999996,0.1,21.75,98.3,33.0,75.0,1000,1.5,33.5,68.7,716.0
51,51,61.199999999999996,0.1,21.75,98.3,33.0,75.0,1000,1.5,33.5,68.7,715.0
51,51,61.199999999999996,0.1,21.75,98.3,33.0,75.0,1000,1.5,33.5,68.7,715.0
51,51,61.199999999999996,0.1,21.75,98.2,33.0,75.0,1000,1.5,33.5,68.8,714.0
51,51,61.199999999999996,0.1,21.75,98.2,33.0,75.0,1000,1.5,33.5,68.8,715.0
51,51,61.199999999999996,0.1,21.75,98.2,33.0,75.0,1000,1.5,33.5,68.8,714.0
51,51,61.199999999999996,0.1,21.75,98.2,33.0,75.0,1000,1.5,33.5,68.8,715.0
51,51,61.199999999999996,0.1,21.75,98.2,33.0,75.0,1000,1.5,33.5,68.8,714.0
51,51,61.199999999999996,0.1,21.75,98.2,33.0,75.0,1000,1.5,33.5,68.8,714.0
51,51,61.199999999999996,0.1,21.75,98.2,33.0,75.0,1000,1.5,33.5,68.8,714.0
51,51,61.199999999999996,0.1,21.75,98.2,33.0,75.0,1000,1.5,33.5,68.8,713.0
51,51,61.199999999999996,0.1,21.75,98.2,33.0,75.0,1000,1.5,33.5,68.8,716.0
51,51,61.199999999999996,0.1,21.75,98.2,33.0,75.0,1000,1.5,33.5,68.8,712.0
51,51,61.199999999999996,0.1,21.75,98.2,33.0,75.0,1000,1.5,33.5,68.8,713.0
51,51,61.199999999999996,0.1,21.75,98.2,33.0,75.0,1000,1.5,33.5,68.8,713.0
51,51,61.199999999999996,0.1,21.75,98.2,33.0,75.0,1000,1.5,33.5,68.8,713.0
51,51,61.199999999999996,0.1,21.75,98.2,33.0,75.0,1000,1.5,33.5,68.8,711.0
51,51,61.199999999999996,0.1,21.75,98.2,33.0,75.0,1000,1.5,33.5,68.8,711.0
51,51,61.199999999999996,0.1,21.75,98.2,33.0,75.0,1000,1.5,33.5,68.8,711.0
51,51,61.199999999999996,0.1,21.75,98.2,33.0,75.0,1000,1.5,33.5,68.8,711.0
51,51,61.199999999999996,0.1,21.75,98.2,33.0,75.0,1000,1.5,33.5,68.8,709.0
51,51,61.199999999999996,0.1,21.75,98.2,33.0,75.0,1000,1.5,33.5,68.8,710.0
51,51,61.199999999999996,0.1,21.75,98.2,33.0,75.0,1000,1.5,33.5,68.8,709.0
51,51,61.199999999999996,0.1,21.75,98.2,33.0,75.0,1000,1.5,33.5,68.8,703.0
51,51,61.199999999999996,0.1,21.75,98.2,33.0,75.0,1000,1.5,33.5,68.8,703.0
51,51,61.199999999999996,0.1,21.75,98.2,33.0,75.0,1000,1.5,33.5,68.8,708.0
51,51,61.199999999999996,0.1,21.75,98.2,33.0,75.0,1000,1.5,33.5,68.8,709.0
51,51,61.199999999999996,0.1,21.75,98.1,33.0,75.0,1000,1.5,33.5,68.9,703.0
51,51,61.199999999999996,0.1,21.75,98.1,33.0,75.0,1000,1.5,33.5,68.9,703.0
51,51,61.199999999999996,0.1,21.75,98.1,33.0,75.0,1000,1.5,33.5,68.9,703.0
51,51,61.199999999999996,0.1,21.75,98.1,33.0,75.0,1000,1.5,33.5,68.9,703.0
51,51,61.199999999999996,0.1,21.75,98.1,33.0,75.0,1000,1.5,33.5,68.9,703.0
51,51,61.199999999999996,0.1,21.75,98.1,33.0,75.0,1000,1.5,33.5,68.9,701.0
51,51,61.199999999999996,0.1,21.75,98.1,33.0,75.0,1000,1.5,33.5,68.9,703.0
51,51,61.199999999999996,0.1,21.75,98.1,33.0,75.0,1000,1.5,33.5,68.9,701.0
51,51,61.199999999999996,0.1,21.75,98.1,33.0,75.0,1000,1.5,33.5,68.9,701.0
51,51,61.199999999999996,0.1,21.75,98.1,33.0,75.0,1000,1.5,33.5,68.9,703.0
51,51,61.199999999999996,0.1,21.75,98.1,33.0,75.0,1000,1.5,33.5,68.9,703.0
51,51,61.199999999999996,0.1,21.75,98.1,33.0,75.0,1000,1.5,33.5,68.9,702.0
51,51,61.199999999999996,0.1,21.75,98.1,33.0,75.0,1000,1.5,33.5,68.9,701.0
51,51,61.199999999999996,0.1,21.75,98.1,33.0,75.0,1000,1.5,33.5,68.9,701.0
51,51,61.199999999999996,0.1,21.75,98.1,33.0,75.0,1000,1.5,33.5,68.9,701.0
51,51,61.199999999999996,0.1,21.75,98.1,33.0,75.0,1000,1.5,33.5,68.9,701.0
51,51,61.199999999999996,0.1,21.75,98.1,33.0,75.0,1000,1.5,33.5,68.9,703.0
51,51,61.199999999999996,0.1,21.75,98.1,33.0,75.0,1000,1.5,33.5,68.9,703.0
51,51,61.199999999999996,0.1,21.75,98.1,33.0,75.0,1000,1.5,33.5,68.9,702.0
51,51,61.199999999999996,0.1,21.75,98.1,33.0,75.0,1000,1.5,33.5,68.9,700.0
51,51,61.199999999999996,0.1,21.75,98.1,33.0,75.0,1000,1.5,33.5,68.9,701.0
51,51,61.199999999999996,0.1,21.75,98.1,33.0,75.0,1000,1.5,33.5,68.9,703.0
51,51,61.199999999999996,0.1,21.75,98.1,33.0,75.0,1000,1.5,33.5,68.9,701.0
51,51,61.199999999999996,0.1,21.75,98.1,33.0,75.0,1000,1.5,33.5,68.9,699.0
51,51,61.199999999999996,0.1,21.75,98.1,33.0,75.0,1000,1.5,33.5,68.9,700.0
51,51,61.199999999999996,0.1,21.75,98.1,33.0,75.0,1000,1.5,33.5,68.9,699.0
51,51,61.199999999999996,0.1,21.75,98.1,33.0,75.0,1000,1.5,33.5,68.9,699.0
51,51,61.199999999999996,0.1,21.75,98.1,33.0,75.0,1000,1.5,33.5,68.9,699.0
51,51,61.199999999999996,0.1,21.75,98.1,33.0,75.0,1000,1.5,33.5,68.9,699.0
51,51,61.199999999999996,0.1,21.75,98.1,33.0,75.0,1000,1.5,33.5,68.9,697.0
51,51,61.199999999999996,0.1,21.75,98.1,33.0,75.0,1000,1.5,33.5,68.9,697.0
51,51,61.199999999999996,0.1,21.75,98.1,33.0,75.0,1000,1.5,33.5,68.9,696.0
51,51,61.199999999999996,0.1,21.75,98.1,33.0,75.0,1000,1.5,33.5,68.9,695.0
51,51,61.199999999999996,0.1,21.75,98.1,33.0,75.0,1000,1.5,33.5,68.9,697.0
51,51,61.199999999999996,0.1,21.75,98.1,33.0,75.0,1000,1.5,33.5,68.9,695.0
51,51,61.199999999999996,0.1,21.75,98.1,33.0,75.0,1000,1.5,33.5,68.9,695.0
51,51,61.199999999999996,0.1,21.75,98.1,33.0,75.0,1000,1.5,33.5,68.9,695.0
51,51,61.199999999999996,0.1,21.75,98.1,33.0,75.0,1000,1.5,33.5,68.9,695.0
51,51,61.199999999999996,0.1,21.75,98.1,33.0,75.0,1000,1.5,33.5,68.9,695.0
51,51,61.199999999999996,0.1,21.75,98.1,33.0,75.0,1000,1.5,33.5,68.9,694.0
51,51,61.199999999999996,0.1,21.75,98.1,33.0,75.0,1000,1.5,33.5,68.9,693.0
51,51,61.199999999999996,0.1,21.75,98.1,33.0,75.0,1000,1.5,33.5,68.9,692.0
51,51,61.199999999999996,0.1,21.75,98.1,33.0,75.0,1000,1.5,33.5,68.9,693.0
51,51,61.199999999999996,0.1,21.75,98.1,33.0,75.0,1000,1.5,33.5,68.9,691.0
51,51,61.199999999999996,0.1,21.75,98.0,33.0,75.0,1000,1.5,33.5,69.0,691.0
51,51,61.199999999999996,0.1,21.75,98.0,33.0,75.0,1000,1.5,33.5,69.0,693.0
51,51,61.199999999999996,0.1,21.75,98.0,33.0,75.0,1000,1.5,33.5,69.0,692.0
51,51,61.199999999999996,0.1,21.75,98.0,33.0,75.0,1000,1.5,33.5,69.0,691.0
51,51,61.199999999999996,0.1,21.75,98.0,33.0,75.0,1000,1.5,33.5,69.0,691.0
51,51,61.199999999999996,0.1,21.75,98.0,33.0,75.0,1000,1.5,33.5,69.0,690.0
51,51,61.199999999999996,0.1,21.75,98.0,33.0,75.0,1000,1.5,33.5,69.0,691.0
51,51,61.199999999999996,0.1,21.75,98.0,33.0,75.0,1000,1.5,33.5,69.0,687.0
51,51,61.199999999999996,0.1,21.75,98.0,33.0,75.0,1000,1.5,33.5,69.0,687.0
51,51,61.199999999999996,0.1,21.75,98.0,33.0,75.0,1000,1.5,33.5,69.0,687.0
51,51,61.199999999999996,0.1,21.75,98.0,33.0,75.0,1000,1.5,33.5,69.0,691.0
51,51,61.199999999999996,0.1,21.75,98.0,33.0,75.0,1000,1.5,33.5,69.0,691.0
51,51,61.199999999999996,0.1,21.75,98.0,33.0,75.0,1000,1.5,33.5,69.0,690.0
51,51,61.199999999999996,0.1,21.75,98.0,33.0,75.0,1000,1.5,33.5,69.0,688.0
51,51,61.199999999999996,0.1,21.75,98.0,33.0,75.0,1000,1.5,33.5,69.0,691.0
51,51,61.199999999999996,0.1,21.75,98.0,33.0,75.0,1000,1.5,33.5,69.0,687.0
51,51,61.199999999999996,0.1,21.75,98.0,33.0,75.0,1000,1.5,33.5,69.0,693.0
51,51,61.199999999999996,0.1,21.75,98.0,33.0,75.0,1000,1.5,33.5,69.0,691.0
51,51,61.199999999999996,0.1,21.75,98.0,33.0,75.0,1000,1.5,33.5,69.0,688.0
51,51,61.199999999999996,0.1,21.75,98.0,33.0,75.0,1000,1.5,33.5,69.0,687.0
51,51,61.199999999999996,0.1,21.75,98.0,33.0,75.0,1000,1.5,33.5,69.0,691.0
51,51,61.199999999999996,0.1,21.75,98.0,33.0,75.0,1000,1.5,33.5,69.0,687.0
51,51,61.199999999999996,0.1,21.75,98.0,33.0,75.0,1000,1.5,33.5,69.0,687.0
51,51,61.199999999999996,0.1,21.75,98.0,33.0,75.0,1000,1.5,33.5,69.0,687.0
51,51,61.199999999999996,0.1,21.75,98.0,33.0,75.0,1000,1.5,33.5,69.0,687.0
51,51,61.199999999999996,0.1,21.75,98.0,33.0,75.0,1000,1.5,33.5,69.0,687.0
51,51,61.199999999999996,0.1,21.75,97.9,33.0,75.0,1000,1.5,33.5,69.1,686.0
51,51,61.199999999999996,0.1,21.75,97.9,33.0,75.0,1000,1.5,33.5,69.1,685.0
51,51,61.199999999999996,0.1,21.75,97.9,33.0,75.0,1000,1.5,33.5,69.1,685.0
51,51,61.199999999999996,0.1,21.75,97.9,33.0,75.0,1000,1.5,33.5,69.1,685.0
51,51,61.199999999999996,0.1,21.75,97.9,33.0,75.0,1000,1.5,33.5,69.1,685.0
51,51,61.199999999999996,0.1,21.75,97.9,33.0,75.0,1000,1.5,33.5,69.1,685.0
51,51,61.199999999999996,0.1,21.75,97.9,33.0,75.0,1000,1.5,33.5,69.1,685.0
51,51,61.199999999999996,0.1,21.75,97.9,33.0,75.0,1000,1.5,33.5,69.1,683.0
51,51,61.199999999999996,0.1,21.75,97.9,33.0,75.0,1000,1.5,33.5,69.1,684.0
51,51,61.199999999999996,0.1,21.75,97.9,33.0,75.0,1000,1.5,33.5,69.1,684.0
51,51,61.199999999999996,0.1,21.75,97.9,33.0,75.0,1000,1.5,33.5,69.1,681.0
51,51,61.199999999999996,0.1,21.75,97.9,33.0,75.0,1000,1.5,33.5,69.1,682.0
51,51,61.199999999999996,0.1,21.75,98.0,33.0,75.0,1000,1.5,33.5,69.0,683.0
51,51,61.199999999999996,0.1,21.75,98.0,33.0,75.0,1000,1.5,33.5,69.0,681.0
51,51,61.199999999999996,0.1,21.7,97.8,33.0,75.0,1000,1.5,33.4,69.0,679.0
51,51,61.199999999999996,0.1,21.7,97.8,33.0,75.0,1000,1.5,33.4,69.0,680.0
51,51,61.199999999999996,0.1,21.65,97.6,33.0,75.0,1000,1.5,33.3,69.0,679.0
51,51,61.199999999999996,0.1,21.65,97.6,33.0,75.0,1000,1.5,33.3,69.0,677.0
51,51,61.199999999999996,0.1,21.65,97.6,33.0,75.0,1000,1.5,33.3,69.0,679.0
51,51,61.199999999999996,0.1,21.65,97.6,33.0,75.0,1000,1.5,33.3,69.0,679.0
51,51,61.199999999999996,0.1,21.65,97.6,33.0,75.0,1000,1.5,33.3,69.0,678.0
51,51,61.199999999999996,0.1,21.65,97.6,33.0,75.0,1000,1.5,33.3,69.0,678.0
51,51,61.199999999999996,0.1,21.65,97.6,33.0,75.0,1000,1.5,33.3,69.0,679.0
51,51,61.199999999999996,0.1,21.65,97.6,33.0,75.0,1000,1.5,33.3,69.0,679.0
51,51,61.199999999999996,0.1,21.65,97.6,33.0,75.0,1000,1.5,33.3,69.0,679.0
51,51,61.199999999999996,0.1,21.65,97.6,33.0,75.0,1000,1.5,33.3,69.0,678.0
51,51,61.199999999999996,0.1,21.65,97.6,33.0,75.0,1000,1.5,33.3,69.0,677.0
51,51,61.199999999999996,0.1,21.65,97.6,33.0,75.0,1000,1.5,33.3,69.0,677.0
51,51,61.199999999999996,0.1,21.65,97.6,33.0,75.0,1000,1.5,33.3,69.0,679.0
51,51,61.199999999999996,0.1,21.65,97.6,33.0,75.0,1000,1.5,33.3,69.0,677.0
51,51,61.199999999999996,0.1,21.65,97.6,33.0,75.0,1000,1.5,33.3,69.0,679.0
51,51,61.199999999999996,0.1,21.65,97.6,33.0,75.0,1000,1.5,33.3,69.0,677.0
51,51,61.199999999999996,0.1,21.65,97.6,33.0,75.0,1000,1.5,33.3,69.0,679.0
37,37,44.4,0.1,21.65,97.6,32.0,79.0,1000,1.5,33.3,69.0,677.0
37,37,44.4,0.1,21.65,97.6,32.0,79.0,1000,1.5,33.3,69.0,675.0
37,37,44.4,0.1,21.65,97.6,32.0,79.0,1000,1.5,33.3,69.0,677.0
37,37,44.4,0.1,21.65,97.69999999999999,32.0,79.0,1000,1.5,33.3,68.9,676.0
37,37,44.4,0.1,21.65,97.69999999999999,32.0,79.0,1000,1.5,33.3,68.9,672.0
37,37,44.4,0.1,21.65,97.69999999999999,32.0,79.0,1000,1.5,33.3,68.9,675.0
37,37,44.4,0.1,21.65,97.69999999999999,32.0,79.0,1000,1.5,33.3,68.9,675.0
37,37,44.4,0.1,21.65,97.69999999999999,32.0,79.0,1000,1.5,33.3,68.9,672.0
37,37,44.4,0.1,21.65,97.69999999999999,32.0,79.0,1000,1.5,33.3,68.9,672.0
37,37,44.4,0.1,21.65,97.69999999999999,32.0,79.0,1000,1.5,33.3,68.9,675.0
37,37,44.4,0.1,21.65,97.69999999999999,32.0,79.0,1000,1.5,33.3,68.9,675.0
37,37,44.4,0.1,21.65,97.69999999999999,32.0,79.0,1000,1.5,33.3,68.9,675.0
37,37,44.4,0.1,21.65,97.69999999999999,32.0,79.0,1000,1.5,33.3,68.9,671.0
37,37,44.4,0.1,21.65,97.69999999999999,32.0,79.0,1000,1.5,33.3,68.9,671.0
37,37,44.4,0.1,21.65,97.69999999999999,32.0,79.0,1000,1.5,33.3,68.9,671.0
37,37,44.4,0.1,21.65,97.69999999999999,32.0,79.0,1000,1.5,33.3,68.9,672.0
37,37,44.4,0.1,21.65,97.69999999999999,32.0,79.0,1000,1.5,33.3,68.9,671.0
37,37,44.4,0.1,21.65,97.69999999999999,32.0,79.0,1000,1.5,33.3,68.9,672.0
37,37,44.4,0.1,21.65,97.69999999999999,32.0,79.0,1000,1.5,33.3,68.9,672.0
37,37,44.4,0.1,21.65,97.69999999999999,32.0,79.0,1000,1.5,33.3,68.9,675.0
37,37,44.4,0.1,21.65,97.69999999999999,32.0,79.0,1000,1.5,33.3,68.9,675.0
37,37,44.4,0.1,21.65,97.69999999999999,32.0,79.0,1000,1.5,33.3,68.9,672.0
37,37,44.4,0.1,21.65,97.69999999999999,32.0,79.0,1000,1.5,33.3,68.9,671.0
37,37,44.4,0.1,21.65,97.69999999999999,32.0,79.0,1000,1.5,33.3,68.9,672.0
37,37,44.4,0.1,21.65,97.69999999999999,32.0,79.0,1000,1.5,33.3,68.9,672.0
37,37,44.4,0.1,21.65,97.69999999999999,32.0,79.0,1000,1.5,33.3,68.9,677.0
37,37,44.4,0.1,21.65,97.69999999999999,32.0,79.0,1000,1.5,33.3,68.9,671.0
37,37,44.4,0.1,21.65,97.69999999999999,32.0,79.0,1000,1.5,33.3,68.9,671.0
37,37,44.4,0.1,21.65,97.69999999999999,32.0,79.0,1000,1.5,33.3,68.9,672.0
37,37,44.4,0.1,21.65,97.69999999999999,32.0,79.0,1000,1.5,33.3,68.9,671.0
37,37,44.4,0.1,21.65,97.69999999999999,32.0,79.0,1000,1.5,33.3,68.9,670.0
37,37,44.4,0.1,21.65,97.8,32.0,79.0,1000,1.5,33.3,68.8,669.0
37,37,44.4,0.1,21.65,97.8,32.0,79.0,1000,1.5,33.3,68.8,671.0
37,37,44.4,0.1,21.65,97.69999999999999,32.0,79.0,1000,1.5,33.3,68.9,669.0
37,37,44.4,0.1,21.65,97.69999999999999,32.0,79.0,1000,1.5,33.3,68.9,668.0
37,37,44.4,0.1,21.65,97.69999999999999,32.0,79.0,1000,1.5,33.3,68.9,669.0
37,37,44.4,0.1,21.65,97.69999999999999,32.0,79.0,1000,1.5,33.3,68.9,668.0
37,37,44.4,0.1,21.65,97.69999999999999,32.0,79.0,1000,1.5,33.3,68.9,667.0
37,37,44.4,0.1,21.65,97.69999999999999,32.0,79.0,1000,1.5,33.3,68.9,664.0
37,37,44.4,0.1,21.65,97.69999999999999,32.0,79.0,1000,1.5,33.3,68.9,667.0
37,37,44.4,0.1,21.65,97.69999999999999,32.0,79.0,1000,1.5,33.3,68.9,667.0
37,37,44.4,0.1,21.65,97.8,32.0,79.0,1000,1.5,33.3,68.8,667.0
37,37,44.4,0.1,21.65,97.8,32.0,79.0,1000,1.5,33.3,68.8,668.0
37,37,44.4,0.1,21.65,97.8,32.0,79.0,1000,1.5,33.3,68.8,667.0
37,37,44.4,0.1,21.65,97.8,32.0,79.0,1000,1.5,33.3,68.8,667.0
37,37,44.4,0.1,21.65,97.8,32.0,79.0,1000,1.5,33.3,68.8,667.0
37,37,44.4,0.1,21.65,97.8,32.0,79.0,1000,1.5,33.3,68.8,667.0
37,37,44.4,0.1,21.65,97.8,32.0,79.0,1000,1.5,33.3,68.8,665.0
37,37,44.4,0.1,21.65,97.8,32.0,79.0,1000,1.5,33.3,68.8,665.0
37,37,44.4,0.1,21.65,97.8,32.0,79.0,1000,1.5,33.3,68.8,664.0
37,37,44.4,0.1,21.65,97.8,32.0,79.0,1000,1.5,33.3,68.8,663.0
37,37,44.4,0.1,21.65,97.8,32.0,79.0,1000,1.5,33.3,68.8,663.0
37,37,44.4,0.1,21.65,97.8,32.0,79.0,1000,1.5,33.3,68.8,664.0
37,37,44.4,0.1,21.65,97.8,32.0,79.0,1000,1.5,33.3,68.8,663.0
37,37,44.4,0.1,21.65,97.8,32.0,79.0,1000,1.5,33.3,68.8,664.0
37,37,44.4,0.1,21.65,97.8,32.0,79.0,1000,1.5,33.3,68.8,662.0
37,37,44.4,0.1,21.65,97.8,32.0,79.0,1000,1.5,33.3,68.8,663.0
37,37,44.4,0.1,21.65,97.8,32.0,79.0,1000,1.5,33.3,68.8,663.0
37,37,44.4,0.1,21.65,97.8,32.0,79.0,1000,1.5,33.3,68.8,663.0
37,37,44.4,0.1,21.65,97.8,32.0,79.0,1000,1.5,33.3,68.8,661.0
37,37,44.4,0.1,21.65,97.8,32.0,79.0,1000,1.5,33.3,68.8,664.0
37,37,44.4,0.1,21.65,97.8,32.0,79.0,1000,1.5,33.3,68.8,663.0
37,37,44.4,0.1,21.65,97.8,32.0,79.0,1000,1.5,33.3,68.8,663.0
37,37,44.4,0.1,21.65,97.8,32.0,79.0,1000,1.5,33.3,68.8,661.0
37,37,44.4,0.1,21.65,97.8,32.0,79.0,1000,1.5,33.3,68.8,662.0
37,37,44.4,0.1,21.65,97.8,32.0,79.0,1000,1.5,33.3,68.8,660.0
37,37,44.4,0.1,21.65,97.8,32.0,79.0,1000,1.5,33.3,68.8,662.0
37,37,44.4,0.1,21.65,97.8,32.0,79.0,1000,1.5,33.3,68.8,661.0
37,37,44.4,0.1,21.65,97.8,32.0,79.0,1000,1.5,33.3,68.8,662.0
37,37,44.4,0.1,21.65,97.8,32.0,79.0,1000,1.5,33.3,68.8,661.0
37,37,44.4,0.1,21.65,97.8,32.0,79.0,1000,1.5,33.3,68.8,661.0
37,37,44.4,0.1,21.65,97.8,32.0,79.0,1000,1.5,33.3,68.8,661.0
37,37,44.4,0.1,21.65,97.8,32.0,79.0,1000,1.5,33.3,68.8,661.0
37,37,44.4,0.1,21.65,97.8,32.0,79.0,1000,1.5,33.3,68.8,661.0
37,37,44.4,0.1,21.65,97.8,32.0,79.0,1000,1.5,33.3,68.8,661.0
37,37,44.4,0.1,21.65,97.8,32.0,79.0,1000,1.5,33.3,68.8,659.0
37,37,44.4,0.1,21.65,97.8,32.0,79.0,1000,1.5,33.3,68.8,661.0
37,37,44.4,0.1,21.65,97.8,32.0,79.0,1000,1.5,33.3,68.8,659.0
37,37,44.4,0.1,21.65,97.8,32.0,79.0,1000,1.5,33.3,68.8,659.0
37,37,44.4,0.1,21.65,97.8,32.0,79.0,1000,1.5,33.3,68.8,660.0
37,37,44.4,0.1,21.65,97.8,32.0,79.0,1000,1.5,33.3,68.8,661.0
37,37,44.4,0.1,21.65,97.8,32.0,79.0,1000,1.5,33.3,68.8,661.0
37,37,44.4,0.1,21.65,97.8,32.0,79.0,1000,1.5,33.3,68.8,660.0
37,37,44.4,0.1,21.65,97.8,32.0,79.0,1000,1.5,33.3,68.8,661.0
37,37,44.4,0.1,21.65,97.8,32.0,79.0,1000,1.5,33.3,68.8,661.0
37,37,44.4,0.1,21.65,97.8,32.0,79.0,1000,1.5,33.3,68.8,659.0
37,37,44.4,0.1,21.65,97.8,32.0,79.0,1000,1.5,33.3,68.8,659.0
37,37,44.4,0.1,21.65,97.8,32.0,79.0,1000,1.5,33.3,68.8,659.0
37,37,44.4,0.1,21.65,97.8,32.0,79.0,1000,1.5,33.3,68.8,660.0
37,37,44.4,0.1,21.65,97.8,32.0,79.0,1000,1.5,33.3,68.8,661.0
37,37,44.4,0.1,21.65,97.8,32.0,79.0,1000,1.5,33.3,68.8,659.0
37,37,44.4,0.1,21.65,97.89999999999999,32.0,79.0,1000,1.5,33.3,68.7,659.0
37,37,44.4,0.1,21.65,97.89999999999999,32.0,79.0,1000,1.5,33.3,68.7,659.0
37,37,44.4,0.1,21.65,97.89999999999999,32.0,79.0,1000,1.5,33.3,68.7,659.0
37,37,44.4,0.1,21.65,97.89999999999999,32.0,79.0,1000,1.5,33.3,68.7,658.0
37,37,44.4,0.1,21.65,97.89999999999999,32.0,79.0,1000,1.5,33.3,68.7,659.0
37,37,44.4,0.1,21.65,97.89999999999999,32.0,79.0,1000,1.5,33.3,68.7,655.0
37,37,44.4,0.1,21.65,97.89999999999999,32.0,79.0,1000,1.5,33.3,68.7,657.0
37,37,44.4,0.1,21.65,97.89999999999999,32.0,79.0,1000,1.5,33.3,68.7,659.0
37,37,44.4,0.1,21.65,97.89999999999999,32.0,79.0,1000,1.5,33.3,68.7,653.0
37,37,44.4,0.1,21.65,97.89999999999999,32.0,79.0,1000,1.5,33.3,68.7,655.0
37,37,44.4,0.1,21.65,97.89999999999999,32.0,79.0,1000,1.5,33.3,68.7,655.0
37,37,44.4,0.1,21.65,97.89999999999999,32.0,79.0,1000,1.5,33.3,68.7,655.0
37,37,44.4,0.1,21.65,97.89999999999999,32.0,79.0,1000,1.5,33.3,68.7,655.0
37,37,44.4,0.1,21.65,97.89999999999999,32.0,79.0,1000,1.5,33.3,68.7,653.0
37,37,44.4,0.1,21.65,97.89999999999999,32.0,79.0,1000,1.5,33.3,68.7,653.0
37,37,44.4,0.1,21.65,97.89999999999999,32.0,79.0,1000,1.5,33.3,68.7,653.0
37,37,44.4,0.1,21.65,97.89999999999999,32.0,79.0,1000,1.5,33.3,68.7,653.0
37,37,44.4,0.1,21.65,97.89999999999999,32.0,79.0,1000,1.5,33.3,68.7,653.0
37,37,44.4,0.1,21.65,97.89999999999999,32.0,79.0,1000,1.5,33.3,68.7,653.0
37,37,44.4,0.1,21.65,97.89999999999999,32.0,79.0,1000,1.5,33.3,68.7,653.0
37,37,44.4,0.1,21.65,97.89999999999999,32.0,79.0,1000,1.5,33.3,68.7,659.0
37,37,44.4,0.1,21.65,97.89999999999999,32.0,79.0,1000,1.5,33.3,68.7,651.0
37,37,44.4,0.1,21.65,98.0,32.0,79.0,1000,1.5,33.3,68.6,652.0
37,37,44.4,0.1,21.65,98.0,32.0,79.0,1000,1.5,33.3,68.6,648.0
37,37,44.4,0.1,21.65,98.0,32.0,79.0,1000,1.5,33.3,68.6,651.0
37,37,44.4,0.1,21.65,98.0,32.0,79.0,1000,1.5,33.3,68.6,649.0
37,37,44.4,0.1,21.65,98.0,32.0,79.0,1000,1.5,33.3,68.6,649.0
37,37,44.4,0.1,21.65,98.0,32.0,79.0,1000,1.5,33.3,68.6,649.0
37,37,44.4,0.1,21.65,98.0,32.0,79.0,1000,1.5,33.3,68.6,649.0
37,37,44.4,0.1,21.65,98.0,32.0,79.0,1000,1.5,33.3,68.6,649.0
37,37,44.4,0.1,21.65,98.0,32.0,79.0,1000,1.5,33.3,68.6,649.0
72,72,86.39999999999999,0.1,21.65,98.0,32.0,79.0,1000,1.5,33.3,68.6,648.0
72,72,86.39999999999999,0.1,21.65,98.0,32.0,79.0,1000,1.5,33.3,68.6,648.0
72,72,86.39999999999999,0.1,21.65,98.0,32.0,79.0,1000,1.5,33.3,68.6,647.0
72,72,86.39999999999999,0.1,21.65,98.0,32.0,79.0,1000,1.5,33.3,68.6,647.0
72,72,86.39999999999999,0.1,21.65,98.0,32.0,79.0,1000,1.5,33.3,68.6,647.0
79,79,94.8,0.1,21.65,98.0,32.0,70.0,1001,3.6,33.3,68.6,645.0
79,79,94.8,0.1,21.65,98.0,32.0,70.0,1001,3.6,33.3,68.6,647.0
79,79,94.8,0.1,21.65,98.0,32.0,70.0,1001,3.6,33.3,68.6,647.0
79,79,94.8,0.1,21.65,98.0,32.0,70.0,1001,3.6,33.3,68.6,647.0
79,79,94.8,0.1,21.65,98.0,32.0,70.0,1001,3.6,33.3,68.6,647.0
79,79,94.8,0.1,21.65,98.0,32.0,70.0,1001,3.6,33.3,68.6,647.0
79,79,94.8,0.1,21.65,98.0,32.0,70.0,1001,3.6,33.3,68.6,646.0
79,79,94.8,0.1,21.65,98.0,32.0,70.0,1001,3.6,33.3,68.6,645.0
79,79,94.8,0.1,21.65,98.0,32.0,70.0,1001,3.6,33.3,68.6,645.0
79,79,94.8,0.1,21.65,98.0,32.0,70.0,1001,3.6,33.3,68.6,647.0
79,79,94.8,0.1,21.65,98.0,32.0,70.0,1001,3.6,33.3,68.6,645.0
79,79,94.8,0.1,21.65,98.0,32.0,70.0,1001,3.6,33.3,68.6,645.0
79,79,94.8,0.1,21.65,98.0,32.0,70.0,1001,3.6,33.3,68.6,645.0
79,79,94.8,0.1,21.65,98.0,32.0,70.0,1001,3.6,33.3,68.6,645.0
79,79,94.8,0.1,21.65,98.0,32.0,70.0,1001,3.6,33.3,68.6,645.0
79,79,94.8,0.1,21.65,98.0,32.0,70.0,1001,3.6,33.3,68.6,645.0
79,79,94.8,0.1,21.65,98.0,32.0,70.0,1001,3.6,33.3,68.6,639.0
79,79,94.8,0.1,21.65,98.0,32.0,70.0,1001,3.6,33.3,68.6,645.0
79,79,94.8,0.1,21.65,98.0,32.0,70.0,1001,3.6,33.3,68.6,646.0
79,79,94.8,0.1,21.65,98.0,32.0,70.0,1001,3.6,33.3,68.6,645.0
79,79,94.8,0.1,21.65,98.0,32.0,70.0,1001,3.6,33.3,68.6,644.0
79,79,94.8,0.1,21.65,98.0,32.0,70.0,1001,3.6,33.3,68.6,639.0
79,79,94.8,0.1,21.7,98.2,32.0,70.0,1001,3.6,33.4,68.6,639.0
79,79,94.8,0.1,21.7,98.2,32.0,70.0,1001,3.6,33.4,68.6,639.0
79,79,94.8,0.1,21.65,98.0,32.0,70.0,1001,3.6,33.3,68.6,646.0
79,79,94.8,0.1,21.65,98.0,32.0,70.0,1001,3.6,33.3,68.6,645.0
79,79,94.8,0.1,21.65,98.0,32.0,70.0,1001,3.6,33.3,68.6,640.0
79,79,94.8,0.1,21.65,98.0,32.0,70.0,1001,3.6,33.3,68.6,644.0
79,79,94.8,0.1,21.7,98.2,32.0,70.0,1001,3.6,33.4,68.6,644.0
79,79,94.8,0.1,21.7,98.2,32.0,70.0,1001,3.6,33.4,68.6,645.0
95,95,114.0,0.1,21.7,98.2,31.5,74.5,1001,3.8,33.4,68.6,637.0
95,95,114.0,0.1,21.7,98.2,31.5,74.5,1001,3.8,33.4,68.6,646.0
95,95,114.0,0.1,21.7,98.2,31.5,74.5,1001,3.8,33.4,68.6,645.0
95,95,114.0,0.1,21.7,98.2,31.5,74.5,1001,3.8,33.4,68.6,645.0
95,95,114.0,0.1,21.7,98.2,31.5,74.5,1001,3.8,33.4,68.6,640.0
95,95,114.0,0.1,21.7,98.2,31.5,74.5,1001,3.8,33.4,68.6,639.0
95,95,114.0,0.1,21.75,98.4,31.5,74.5,1001,3.8,33.5,68.6,639.0
95,95,114.0,0.1,21.75,98.4,31.5,74.5,1001,3.8,33.5,68.6,638.0
95,95,114.0,0.1,21.75,98.4,31.5,74.5,1001,3.8,33.5,68.6,638.0
95,95,114.0,0.1,21.75,98.4,31.5,74.5,1001,3.8,33.5,68.6,639.0
95,95,114.0,0.1,21.75,98.4,31.5,74.5,1001,3.8,33.5,68.6,635.0
95,95,114.0,0.1,21.75,98.4,31.5,74.5,1001,3.8,33.5,68.6,637.0
95,95,114.0,0.1,21.75,98.4,31.5,74.5,1001,3.8,33.5,68.6,637.0
95,95,114.0,0.1,21.75,98.4,31.5,74.5,1001,3.8,33.5,68.6,637.0
95,95,114.0,0.1,21.75,98.4,31.5,74.5,1001,3.8,33.5,68.6,637.0
95,95,114.0,0.1,21.75,98.4,31.5,74.5,1001,3.8,33.5,68.6,635.0
95,95,114.0,0.1,21.75,98.4,31.5,74.5,1001,3.8,33.5,68.6,637.0
95,95,114.0,0.1,21.75,98.4,31.5,74.5,1001,3.8,33.5,68.6,637.0
95,95,114.0,0.1,21.75,98.4,31.5,74.5,1001,3.8,33.5,68.6,635.0
95,95,114.0,0.1,21.75,98.4,31.5,74.5,1001,3.8,33.5,68.6,637.0
95,95,114.0,0.1,21.7,98.2,31.5,74.5,1001,3.8,33.4,68.6,637.0
95,95,114.0,0.1,21.7,98.2,31.5,74.5,1001,3.8,33.4,68.6,637.0
95,95,114.0,0.1,21.7,98.2,31.5,74.5,1001,3.8,33.4,68.6,635.0
95,95,114.0,0.1,21.7,98.2,31.5,74.5,1001,3.8,33.4,68.6,635.0
95,95,114.0,0.1,21.7,98.2,31.5,74.5,1001,3.8,33.4,68.6,635.0
95,95,114.0,0.1,21.7,98.2,31.5,74.5,1001,3.8,33.4,68.6,637.0
95,95,114.0,0.1,21.7,98.2,31.5,74.5,1001,3.8,33.4,68.6,634.0
95,95,114.0,0.1,21.7,98.2,31.5,74.5,1001,3.8,33.4,68.6,635.0
95,95,114.0,0.1,21.7,98.2,31.5,74.5,1001,3.8,33.4,68.6,635.0
95,95,114.0,0.1,21.7,98.2,31.5,74.5,1001,3.8,33.4,68.6,635.0
95,95,114.0,0.1,21.7,98.2,31.5,74.5,1001,3.8,33.4,68.6,635.0
95,95,114.0,0.1,21.7,98.2,31.5,74.5,1001,3.8,33.4,68.6,634.0
95,95,114.0,0.1,21.65,98.0,31.5,74.5,1001,3.8,33.3,68.6,633.0
95,95,114.0,0.1,21.65,98.0,31.5,74.5,1001,3.8,33.3,68.6,632.0
95,95,114.0,0.1,21.65,98.0,31.5,74.5,1001,3.8,33.3,68.6,633.0
95,95,114.0,0.1,21.65,98.0,31.5,74.5,1001,3.8,33.3,68.6,631.0
95,95,114.0,0.1,21.65,98.0,31.5,74.5,1001,3.8,33.3,68.6,631.0
95,95,114.0,0.1,21.65,98.0,31.5,74.5,1001,3.8,33.3,68.6,632.0
95,95,114.0,0.1,21.65,98.1,31.5,74.5,1001,3.8,33.3,68.5,632.0
95,95,114.0,0.1,21.65,98.1,31.5,74.5,1001,3.8,33.3,68.5,631.0
95,95,114.0,0.1,21.65,98.0,31.5,74.5,1001,3.8,33.3,68.6,631.0
95,95,114.0,0.1,21.65,98.0,31.5,74.5,1001,3.8,33.3,68.6,629.0
95,95,114.0,0.1,21.65,98.1,31.5,74.5,1001,3.8,33.3,68.5,629.0
95,95,114.0,0.1,21.65,98.1,31.5,74.5,1001,3.8,33.3,68.5,629.0
95,95,114.0,0.1,21.65,98.0,31.5,74.5,1001,3.8,33.3,68.6,629.0
95,95,114.0,0.1,21.65,98.0,31.5,74.5,1001,3.8,33.3,68.6,629.0
