timestamp,temperature,humidity,mq135_raw
2025-07-16 16:25:01,33.6,68.4,1071.0
2025-07-16 16:25:01,33.6,68.4,1075.0
2025-07-16 16:25:01,33.6,68.5,1077.0
2025-07-16 16:25:01,33.6,68.5,1076.0
2025-07-16 16:25:01,33.6,68.5,1071.0
2025-07-16 16:25:01,33.6,68.5,1075.0
2025-07-16 16:25:01,33.6,68.6,1077.0
2025-07-16 16:25:01,33.6,68.6,1075.0
2025-07-16 16:25:01,33.6,68.6,1075.0
2025-07-16 16:25:01,33.6,68.6,1071.0
2025-07-16 16:25:01,33.6,68.6,1075.0
2025-07-16 16:25:01,33.6,68.6,1071.0
2025-07-16 16:25:01,33.6,68.7,1071.0
2025-07-16 16:25:01,33.6,68.7,1069.0
2025-07-16 16:25:01,33.6,68.7,1069.0
2025-07-16 16:25:01,33.6,68.7,1067.0
2025-07-16 16:25:01,33.6,68.6,1067.0
2025-07-16 16:25:01,33.6,68.6,1066.0
2025-07-16 16:25:01,33.6,68.6,1063.0
2025-07-16 16:25:01,33.6,68.6,1062.0
2025-07-16 16:25:01,33.6,68.6,1060.0
2025-07-16 16:25:01,33.6,68.6,1063.0
2025-07-16 16:25:01,33.6,68.7,1060.0
2025-07-16 16:25:01,33.6,68.7,1056.0
2025-07-16 16:25:01,33.6,68.6,1055.0
2025-07-16 16:25:02,33.6,68.6,1053.0
2025-07-16 16:25:03,33.6,68.7,1049.0
2025-07-16 16:25:04,33.6,68.7,1048.0
2025-07-16 16:25:05,33.6,68.6,1049.0
2025-07-16 16:25:06,33.6,68.6,1047.0
2025-07-16 16:25:07,33.6,68.6,1047.0
2025-07-16 16:25:08,33.6,68.6,1047.0
2025-07-16 16:25:09,33.6,68.6,1045.0
2025-07-16 16:25:10,33.6,68.6,1042.0
2025-07-16 16:25:11,33.6,68.6,1042.0
2025-07-16 16:25:12,33.6,68.6,1039.0
2025-07-16 16:25:13,33.6,68.6,1039.0
2025-07-16 16:25:14,33.6,68.6,1036.0
2025-07-16 16:25:15,33.6,68.6,1035.0
2025-07-16 16:25:16,33.6,68.6,1035.0
2025-07-16 16:25:17,33.6,68.6,1033.0
2025-07-16 16:25:18,33.6,68.6,1034.0
2025-07-16 16:25:19,33.6,68.6,1036.0
2025-07-16 16:25:20,33.6,68.6,1037.0
2025-07-16 16:25:21,33.6,68.6,1033.0
2025-07-16 16:25:22,33.6,68.6,1035.0
2025-07-16 16:25:23,33.7,68.6,1035.0
2025-07-16 16:25:24,33.7,68.6,1039.0
2025-07-16 16:25:25,33.7,68.6,1037.0
2025-07-16 16:25:26,33.7,68.6,1037.0
2025-07-16 16:25:27,33.7,68.6,1039.0
2025-07-16 16:25:28,33.7,68.6,1039.0
2025-07-16 16:25:29,33.6,68.6,1035.0
2025-07-16 16:25:30,33.6,68.6,1036.0
2025-07-16 16:25:31,33.6,68.6,1035.0
2025-07-16 16:25:32,33.6,68.6,1033.0
2025-07-16 16:25:33,33.6,68.6,1033.0
2025-07-16 16:25:34,33.6,68.6,1032.0
2025-07-16 16:25:35,33.6,68.6,1033.0
2025-07-16 16:25:36,33.6,68.6,1033.0
2025-07-16 16:25:37,33.6,68.7,1033.0
2025-07-16 16:25:38,33.6,68.7,1033.0
2025-07-16 16:25:39,33.6,68.7,1033.0
2025-07-16 16:25:40,33.6,68.7,1033.0
2025-07-16 16:25:41,33.6,68.7,1033.0
2025-07-16 16:25:42,33.6,68.7,1034.0
2025-07-16 16:25:43,33.6,68.6,1033.0
2025-07-16 16:25:44,33.6,68.6,1031.0
2025-07-16 16:25:45,33.6,68.6,1033.0
2025-07-16 16:25:46,33.6,68.6,1033.0
2025-07-16 16:25:47,33.6,68.6,1032.0
2025-07-16 16:25:48,33.6,68.6,1031.0
2025-07-16 16:25:49,33.6,68.6,1023.0
2025-07-16 16:25:50,33.6,68.6,1023.0
2025-07-16 16:25:51,33.6,68.7,1019.0
2025-07-16 16:25:52,33.6,68.7,1021.0
2025-07-16 16:25:53,33.6,68.7,1021.0
2025-07-16 16:25:54,33.6,68.7,1019.0
2025-07-16 16:25:55,33.6,68.7,1019.0
2025-07-16 16:25:56,33.6,68.7,1020.0
2025-07-16 16:25:57,33.6,68.7,1018.0
2025-07-16 16:25:58,33.6,68.7,1018.0
2025-07-16 16:25:59,33.6,68.7,1015.0
2025-07-16 16:26:00,33.6,68.7,1015.0
2025-07-16 16:26:01,33.6,68.7,1015.0
2025-07-16 16:26:02,33.6,68.7,1015.0
2025-07-16 16:26:03,33.6,68.7,1017.0
2025-07-16 16:26:04,33.6,68.7,1016.0
2025-07-16 16:26:05,33.6,68.7,1016.0
2025-07-16 16:26:06,33.6,68.7,1014.0
2025-07-16 16:26:07,33.6,68.7,1017.0
2025-07-16 16:26:08,33.6,68.7,1016.0
2025-07-16 16:26:09,33.6,68.8,1015.0
2025-07-16 16:26:10,33.6,68.8,1016.0
2025-07-16 16:26:11,33.6,68.8,1013.0
2025-07-16 16:26:12,33.6,68.8,1011.0
2025-07-16 16:26:14,33.6,68.8,1013.0
2025-07-16 16:26:15,33.6,68.8,1013.0
2025-07-16 16:26:16,33.6,68.8,1013.0
2025-07-16 16:26:17,33.6,68.8,1013.0
2025-07-16 16:26:18,33.6,68.7,1011.0
2025-07-16 16:26:19,33.6,68.7,1007.0
2025-07-16 16:26:20,33.6,68.7,1007.0
2025-07-16 16:26:21,33.6,68.7,1005.0
2025-07-16 16:26:22,33.6,68.7,1005.0
2025-07-16 16:26:23,33.6,68.7,1003.0
2025-07-16 16:26:24,33.5,68.7,1002.0
2025-07-16 16:26:25,33.5,68.7,999.0
2025-07-16 16:26:26,33.5,68.6,999.0
2025-07-16 16:26:27,33.5,68.6,1001.0
2025-07-16 16:26:28,33.5,68.6,999.0
2025-07-16 16:26:29,33.5,68.6,999.0
2025-07-16 16:26:30,33.5,68.6,999.0
2025-07-16 16:26:31,33.5,68.6,999.0
2025-07-16 16:26:32,33.5,68.6,1000.0
2025-07-16 16:26:33,33.5,68.6,997.0
2025-07-16 16:26:34,33.5,68.6,999.0
2025-07-16 16:26:35,33.5,68.6,997.0
2025-07-16 16:26:36,33.6,68.6,998.0
2025-07-16 16:26:37,33.6,68.6,997.0
2025-07-16 16:26:38,33.5,68.6,996.0
2025-07-16 16:26:39,33.5,68.6,996.0
2025-07-16 16:26:40,33.5,68.6,996.0
2025-07-16 16:26:41,33.5,68.6,995.0
2025-07-16 16:26:42,33.5,68.6,995.0
2025-07-16 16:26:43,33.5,68.6,995.0
2025-07-16 16:26:44,33.5,68.6,994.0
2025-07-16 16:26:45,33.5,68.6,991.0
2025-07-16 16:26:46,33.5,68.6,991.0
2025-07-16 16:26:47,33.5,68.6,991.0
2025-07-16 16:26:48,33.5,68.6,989.0
2025-07-16 16:26:49,33.5,68.6,989.0
2025-07-16 16:26:50,33.5,68.6,989.0
2025-07-16 16:26:51,33.5,68.6,988.0
2025-07-16 16:26:52,33.5,68.6,987.0
2025-07-16 16:26:53,33.5,68.6,987.0
2025-07-16 16:26:54,33.5,68.6,988.0
2025-07-16 16:26:55,33.5,68.6,985.0
2025-07-16 16:26:56,33.5,68.6,985.0
2025-07-16 16:26:57,33.5,68.6,985.0
2025-07-16 16:26:58,33.5,68.6,985.0
2025-07-16 16:26:59,33.5,68.6,984.0
2025-07-16 16:27:00,33.6,68.7,984.0
2025-07-16 16:27:01,33.6,68.7,983.0
2025-07-16 16:27:02,33.5,68.6,982.0
2025-07-16 16:27:03,33.5,68.6,983.0
2025-07-16 16:27:04,33.5,68.7,981.0
2025-07-16 16:27:05,33.5,68.7,980.0
2025-07-16 16:27:06,33.5,68.7,981.0
2025-07-16 16:27:07,33.5,68.7,979.0
2025-07-16 16:27:08,33.5,68.7,979.0
2025-07-16 16:27:09,33.5,68.7,978.0
2025-07-16 16:27:10,33.5,68.7,975.0
2025-07-16 16:27:11,33.5,68.7,975.0
2025-07-16 16:27:12,33.5,68.7,977.0
2025-07-16 16:27:13,33.5,68.7,973.0
2025-07-16 16:27:14,33.5,68.7,974.0
2025-07-16 16:27:15,33.5,68.7,973.0
2025-07-16 16:27:16,33.5,68.7,973.0
2025-07-16 16:27:17,33.5,68.7,972.0
2025-07-16 16:27:18,33.5,68.7,973.0
2025-07-16 16:27:19,33.5,68.7,971.0
2025-07-16 16:27:20,33.5,68.7,971.0
2025-07-16 16:27:21,33.5,68.7,970.0
2025-07-16 16:27:22,33.5,68.7,969.0
2025-07-16 16:27:23,33.5,68.7,970.0
2025-07-16 16:27:24,33.6,68.7,969.0
2025-07-16 16:27:25,33.6,68.7,968.0
2025-07-16 16:27:26,33.5,68.7,969.0
2025-07-16 16:27:27,33.5,68.7,967.0
2025-07-16 16:27:28,33.5,68.7,966.0
2025-07-16 16:27:29,33.5,68.7,966.0
2025-07-16 16:27:30,33.5,68.7,967.0
2025-07-16 16:27:31,33.5,68.7,965.0
2025-07-16 16:27:32,33.5,68.7,965.0
2025-07-16 16:27:33,33.5,68.7,964.0
2025-07-16 16:27:35,33.5,68.8,959.0
2025-07-16 16:27:36,33.5,68.8,957.0
2025-07-16 16:27:37,33.5,68.8,957.0
2025-07-16 16:27:38,33.5,68.8,957.0
2025-07-16 16:27:39,33.5,68.8,959.0
2025-07-16 16:27:40,33.5,68.8,957.0
2025-07-16 16:27:41,33.5,68.8,956.0
2025-07-16 16:27:42,33.5,68.8,955.0
2025-07-16 16:27:43,33.5,68.8,955.0
2025-07-16 16:27:44,33.5,68.8,955.0
2025-07-16 16:27:45,33.5,68.8,953.0
2025-07-16 16:27:46,33.5,68.8,953.0
2025-07-16 16:27:47,33.5,68.8,953.0
2025-07-16 16:27:48,33.5,68.8,952.0
2025-07-16 16:27:49,33.5,68.8,952.0
2025-07-16 16:27:50,33.5,68.8,950.0
2025-07-16 16:27:51,33.5,68.8,951.0
2025-07-16 16:27:52,33.5,68.8,951.0
2025-07-16 16:27:53,33.5,68.8,950.0
2025-07-16 16:27:54,33.5,68.8,951.0
2025-07-16 16:27:55,33.5,68.8,949.0
2025-07-16 16:27:56,33.5,68.8,949.0
2025-07-16 16:27:57,33.5,68.8,948.0
2025-07-16 16:27:58,33.5,68.8,943.0
2025-07-16 16:27:59,33.5,68.8,946.0
2025-07-16 16:28:00,33.5,68.8,943.0
2025-07-16 16:28:01,33.5,68.8,943.0
2025-07-16 16:28:02,33.5,68.8,942.0
2025-07-16 16:28:03,33.5,68.8,943.0
2025-07-16 16:28:04,33.5,68.8,941.0
2025-07-16 16:28:05,33.5,68.8,942.0
2025-07-16 16:28:06,33.5,68.8,940.0
2025-07-16 16:28:07,33.5,68.8,941.0
2025-07-16 16:28:08,33.5,68.8,939.0
2025-07-16 16:28:09,33.5,68.8,940.0
2025-07-16 16:28:10,33.5,68.8,940.0
2025-07-16 16:28:11,33.5,68.8,939.0
2025-07-16 16:28:12,33.5,68.8,939.0
2025-07-16 16:28:13,33.5,68.9,939.0
2025-07-16 16:28:14,33.5,68.9,937.0
2025-07-16 16:28:15,33.5,68.8,937.0
2025-07-16 16:28:16,33.5,68.8,941.0
2025-07-16 16:28:17,33.5,68.9,938.0
2025-07-16 16:28:18,33.5,68.9,937.0
2025-07-16 16:28:19,33.5,68.9,936.0
2025-07-16 16:28:20,33.5,68.9,935.0
2025-07-16 16:28:21,33.5,68.9,935.0
2025-07-16 16:28:22,33.5,68.9,933.0
2025-07-16 16:28:23,33.5,68.9,932.0
2025-07-16 16:28:24,33.5,68.9,933.0
2025-07-16 16:28:25,33.5,68.9,927.0
2025-07-16 16:28:26,33.5,68.9,927.0
2025-07-16 16:28:27,33.5,68.9,927.0
2025-07-16 16:28:28,33.5,68.9,927.0
2025-07-16 16:28:29,33.5,68.9,927.0
2025-07-16 16:28:30,33.5,68.9,927.0
2025-07-16 16:28:31,33.5,68.9,926.0
2025-07-16 16:28:32,33.5,68.9,927.0
2025-07-16 16:28:33,33.5,68.9,925.0
2025-07-16 16:28:34,33.5,68.9,925.0
2025-07-16 16:28:35,33.5,68.9,927.0
2025-07-16 16:28:36,33.5,68.9,925.0
2025-07-16 16:28:37,33.6,68.9,925.0
2025-07-16 16:28:38,33.6,68.9,925.0
2025-07-16 16:28:39,33.5,68.9,925.0
2025-07-16 16:28:40,33.5,68.9,925.0
2025-07-16 16:28:41,33.5,68.9,925.0
2025-07-16 16:28:42,33.5,68.9,925.0
2025-07-16 16:28:43,33.5,68.9,924.0
2025-07-16 16:28:44,33.5,68.9,922.0
2025-07-16 16:28:45,33.5,68.9,925.0
2025-07-16 16:28:46,33.5,68.9,922.0
2025-07-16 16:28:47,33.5,68.9,921.0
2025-07-16 16:28:48,33.5,68.9,923.0
2025-07-16 16:28:49,33.5,68.9,921.0
2025-07-16 16:28:50,33.5,68.9,923.0
2025-07-16 16:28:51,33.5,68.8,921.0
2025-07-16 16:28:52,33.5,68.8,920.0
2025-07-16 16:28:53,33.5,68.8,920.0
2025-07-16 16:28:54,33.5,68.8,919.0
2025-07-16 16:28:56,33.5,68.8,920.0
2025-07-16 16:28:57,33.5,68.8,919.0
2025-07-16 16:28:58,33.5,68.8,920.0
2025-07-16 16:28:59,33.5,68.8,917.0
2025-07-16 16:29:00,33.5,68.8,919.0
2025-07-16 16:29:01,33.5,68.8,917.0
2025-07-16 16:29:02,33.6,68.8,917.0
2025-07-16 16:29:03,33.6,68.8,917.0
2025-07-16 16:29:04,33.5,68.8,914.0
2025-07-16 16:29:05,33.5,68.8,915.0
2025-07-16 16:29:06,33.5,68.8,915.0
2025-07-16 16:29:07,33.5,68.8,914.0
2025-07-16 16:29:08,33.5,68.7,911.0
2025-07-16 16:29:09,33.5,68.7,910.0
2025-07-16 16:29:10,33.5,68.7,911.0
2025-07-16 16:29:11,33.5,68.7,910.0
2025-07-16 16:29:12,33.6,68.7,911.0
2025-07-16 16:29:13,33.6,68.7,909.0
2025-07-16 16:29:14,33.6,68.7,909.0
2025-07-16 16:29:15,33.6,68.7,908.0
2025-07-16 16:29:16,33.6,68.6,908.0
2025-07-16 16:29:17,33.6,68.6,908.0
2025-07-16 16:29:18,33.7,68.6,908.0
2025-07-16 16:29:19,33.7,68.6,907.0
2025-07-16 16:29:20,33.7,68.6,907.0
2025-07-16 16:29:21,33.7,68.6,905.0
2025-07-16 16:29:22,33.7,68.5,905.0
2025-07-16 16:29:23,33.7,68.5,905.0
2025-07-16 16:29:24,33.7,68.5,905.0
2025-07-16 16:29:25,33.7,68.5,905.0
2025-07-16 16:29:26,33.7,68.5,905.0
2025-07-16 16:29:27,33.7,68.5,904.0
2025-07-16 16:29:28,33.7,68.5,903.0
2025-07-16 16:29:29,33.7,68.5,902.0
2025-07-16 16:29:30,33.7,68.5,903.0
2025-07-16 16:29:31,33.7,68.5,903.0
2025-07-16 16:29:32,33.8,68.4,901.0
2025-07-16 16:29:33,33.8,68.4,901.0
2025-07-16 16:29:34,33.8,68.4,901.0
2025-07-16 16:29:35,33.8,68.4,895.0
2025-07-16 16:29:36,33.8,68.3,895.0
2025-07-16 16:29:37,33.8,68.3,895.0
2025-07-16 16:29:38,33.8,68.3,895.0
2025-07-16 16:29:39,33.8,68.3,893.0
2025-07-16 16:29:40,33.8,68.3,893.0
2025-07-16 16:29:41,33.8,68.3,891.0
2025-07-16 16:29:42,33.8,68.3,891.0
2025-07-16 16:29:43,33.8,68.3,893.0
2025-07-16 16:29:44,33.9,68.2,892.0
2025-07-16 16:29:45,33.9,68.2,891.0
2025-07-16 16:29:46,33.9,68.2,889.0
2025-07-16 16:29:47,33.9,68.2,888.0
2025-07-16 16:29:48,33.9,68.1,885.0
2025-07-16 16:29:49,33.9,68.1,885.0
2025-07-16 16:29:50,33.9,68.1,886.0
2025-07-16 16:29:51,33.9,68.1,885.0
2025-07-16 16:29:52,33.9,68.1,884.0
2025-07-16 16:29:53,33.9,68.1,885.0
2025-07-16 16:29:54,33.9,68.0,884.0
2025-07-16 16:29:55,33.9,68.0,883.0
2025-07-16 16:29:56,33.9,68.0,883.0
2025-07-16 16:29:57,33.9,68.0,883.0
2025-07-16 16:29:58,33.9,68.0,883.0
2025-07-16 16:29:59,33.9,68.0,879.0
2025-07-16 16:30:00,33.9,68.0,879.0
2025-07-16 16:30:01,33.9,68.0,879.0
2025-07-16 16:30:02,33.9,67.9,879.0
2025-07-16 16:30:03,33.9,67.9,877.0
2025-07-16 16:30:04,33.8,67.9,879.0
2025-07-16 16:30:05,33.8,67.9,876.0
2025-07-16 16:30:06,33.8,67.9,877.0
2025-07-16 16:30:07,33.8,67.9,878.0
2025-07-16 16:30:08,33.8,67.8,875.0
2025-07-16 16:30:09,33.8,67.8,877.0
2025-07-16 16:30:10,33.8,67.8,873.0
2025-07-16 16:30:11,33.8,67.8,875.0
2025-07-16 16:30:12,33.8,67.8,875.0
2025-07-16 16:30:13,33.8,67.8,876.0
2025-07-16 16:30:14,33.9,67.8,873.0
2025-07-16 16:30:15,33.9,67.8,873.0
2025-07-16 16:30:17,33.8,67.8,870.0
2025-07-16 16:30:18,33.8,67.8,871.0
2025-07-16 16:30:19,33.8,67.8,871.0
2025-07-16 16:30:20,33.8,67.8,871.0
2025-07-16 16:30:21,33.8,67.8,870.0
2025-07-16 16:30:22,33.8,67.8,871.0
2025-07-16 16:30:23,33.8,67.8,869.0
2025-07-16 16:30:24,33.8,67.8,868.0
2025-07-16 16:30:25,33.8,67.8,868.0
2025-07-16 16:30:26,33.8,67.8,869.0
2025-07-16 16:30:27,33.7,67.8,867.0
2025-07-16 16:30:28,33.7,67.8,866.0
2025-07-16 16:30:29,33.7,67.8,866.0
2025-07-16 16:30:30,33.7,67.8,865.0
2025-07-16 16:30:31,33.7,67.8,863.0
2025-07-16 16:30:32,33.7,67.8,861.0
2025-07-16 16:30:33,33.7,67.8,863.0
2025-07-16 16:30:34,33.7,67.8,862.0
2025-07-16 16:30:35,33.7,67.9,861.0
2025-07-16 16:30:36,33.7,67.9,861.0
2025-07-16 16:30:37,33.8,67.9,861.0
2025-07-16 16:30:38,33.8,67.9,861.0
2025-07-16 16:30:39,33.8,67.9,860.0
2025-07-16 16:30:40,33.8,67.9,861.0
2025-07-16 16:30:41,33.7,67.8,859.0
2025-07-16 16:30:42,33.7,67.8,860.0
2025-07-16 16:30:43,33.7,67.9,859.0
2025-07-16 16:30:44,33.7,67.9,859.0
2025-07-16 16:30:45,33.7,67.9,858.0
2025-07-16 16:30:46,33.7,67.9,857.0
2025-07-16 16:30:47,33.7,67.9,859.0
2025-07-16 16:30:48,33.7,67.9,857.0
2025-07-16 16:30:49,33.7,67.9,856.0
2025-07-16 16:30:50,33.7,67.9,856.0
2025-07-16 16:30:51,33.7,67.9,857.0
2025-07-16 16:30:52,33.7,67.9,856.0
2025-07-16 16:30:53,33.7,67.9,855.0
2025-07-16 16:30:54,33.7,67.9,855.0
2025-07-16 16:30:55,33.7,67.9,856.0
2025-07-16 16:30:56,33.7,67.9,855.0
2025-07-16 16:30:57,33.7,67.9,855.0
2025-07-16 16:30:58,33.7,67.9,853.0
2025-07-16 16:30:59,33.7,67.9,853.0
2025-07-16 16:31:00,33.7,67.9,853.0
2025-07-16 16:31:01,33.7,67.9,851.0
2025-07-16 16:31:02,33.7,67.9,852.0
2025-07-16 16:31:03,33.6,67.7,851.0
2025-07-16 16:31:04,33.6,67.7,847.0
2025-07-16 16:31:05,33.6,67.9,847.0
2025-07-16 16:31:06,33.6,67.9,845.0
2025-07-16 16:31:07,33.6,68.0,845.0
2025-07-16 16:31:08,33.6,68.0,845.0
2025-07-16 16:31:09,33.6,68.0,844.0
2025-07-16 16:31:10,33.6,68.0,841.0
2025-07-16 16:31:11,33.6,68.0,843.0
2025-07-16 16:31:12,33.6,68.0,839.0
2025-07-16 16:31:13,33.6,68.0,839.0
2025-07-16 16:31:14,33.6,68.0,837.0
2025-07-16 16:31:15,33.6,68.1,831.0
2025-07-16 16:31:16,33.6,68.1,829.0
2025-07-16 16:31:17,33.6,68.1,829.0
2025-07-16 16:31:18,33.6,68.1,827.0
2025-07-16 16:31:19,33.6,68.1,825.0
2025-07-16 16:31:20,33.6,68.1,824.0
2025-07-16 16:31:21,33.6,68.1,825.0
2025-07-16 16:31:22,33.6,68.1,823.0
2025-07-16 16:31:23,33.6,68.2,824.0
2025-07-16 16:31:24,33.6,68.2,823.0
2025-07-16 16:31:25,33.6,68.2,822.0
2025-07-16 16:31:26,33.6,68.2,825.0
2025-07-16 16:31:27,33.6,68.2,823.0
2025-07-16 16:31:28,33.6,68.2,823.0
2025-07-16 16:31:29,33.6,68.2,821.0
2025-07-16 16:31:30,33.6,68.2,821.0
2025-07-16 16:31:31,33.6,68.2,821.0
2025-07-16 16:31:32,33.6,68.2,823.0
2025-07-16 16:31:33,33.6,68.2,825.0
2025-07-16 16:31:34,33.6,68.2,823.0
2025-07-16 16:31:35,33.6,68.2,825.0
2025-07-16 16:31:36,33.6,68.2,823.0
2025-07-16 16:31:38,33.6,68.2,825.0
2025-07-16 16:31:39,33.6,68.2,823.0
2025-07-16 16:31:40,33.6,68.2,823.0
2025-07-16 16:31:41,33.6,68.2,823.0
2025-07-16 16:31:42,33.6,68.2,824.0
2025-07-16 16:31:43,33.6,68.2,823.0
2025-07-16 16:31:44,33.6,68.3,824.0
2025-07-16 16:31:45,33.6,68.3,825.0
2025-07-16 16:31:46,33.6,68.3,825.0
2025-07-16 16:31:47,33.6,68.3,827.0
2025-07-16 16:31:48,33.6,68.3,825.0
2025-07-16 16:31:49,33.6,68.3,825.0
2025-07-16 16:31:50,33.6,68.3,824.0
2025-07-16 16:31:51,33.6,68.3,825.0
2025-07-16 16:31:52,33.6,68.2,825.0
2025-07-16 16:31:53,33.6,68.2,825.0
2025-07-16 16:31:54,33.6,68.2,824.0
2025-07-16 16:31:55,33.6,68.2,825.0
2025-07-16 16:31:56,33.6,68.2,823.0
2025-07-16 16:31:57,33.6,68.2,827.0
2025-07-16 16:31:58,33.6,68.2,819.0
2025-07-16 16:31:59,33.6,68.2,816.0
2025-07-16 16:32:00,33.6,68.2,815.0
2025-07-16 16:32:01,33.6,68.2,815.0
2025-07-16 16:32:02,33.6,68.2,814.0
2025-07-16 16:32:03,33.6,68.2,815.0
2025-07-16 16:32:04,33.6,68.2,825.0
2025-07-16 16:32:05,33.6,68.2,812.0
2025-07-16 16:32:06,33.6,68.3,811.0
2025-07-16 16:32:07,33.6,68.3,813.0
2025-07-16 16:32:08,33.6,68.3,850.0
2025-07-16 16:32:09,33.6,68.3,855.0
2025-07-16 16:32:10,33.6,68.3,860.0
2025-07-16 16:32:11,33.6,68.3,855.0
2025-07-16 16:32:12,33.6,68.3,855.0
2025-07-16 16:32:13,33.6,68.3,856.0
2025-07-16 16:32:14,33.6,68.3,853.0
2025-07-16 16:32:15,33.6,68.3,853.0
2025-07-16 16:32:16,33.6,68.3,851.0
2025-07-16 16:32:17,33.6,68.3,847.0
2025-07-16 16:32:18,33.6,68.3,846.0
2025-07-16 16:32:19,33.6,68.3,843.0
2025-07-16 16:32:20,33.6,68.3,843.0
2025-07-16 16:32:21,33.6,68.3,841.0
2025-07-16 16:32:22,33.6,68.3,843.0
2025-07-16 16:32:23,33.6,68.3,838.0
2025-07-16 16:32:24,33.5,68.3,839.0
2025-07-16 16:32:25,33.5,68.3,839.0
2025-07-16 16:32:26,33.5,68.3,841.0
2025-07-16 16:32:27,33.5,68.3,831.0
2025-07-16 16:32:28,33.5,68.3,837.0
2025-07-16 16:32:29,33.5,68.3,838.0
2025-07-16 16:32:30,33.5,68.3,839.0
2025-07-16 16:32:31,33.5,68.3,831.0
2025-07-16 16:32:32,33.5,68.3,789.0
2025-07-16 16:32:33,33.5,68.3,791.0
2025-07-16 16:32:34,33.5,68.3,793.0
2025-07-16 16:32:35,33.5,68.3,795.0
2025-07-16 16:32:36,33.5,68.3,797.0
2025-07-16 16:32:37,33.5,68.3,796.0
2025-07-16 16:32:38,33.6,68.3,796.0
2025-07-16 16:32:39,33.6,68.3,796.0
2025-07-16 16:32:40,33.5,68.3,787.0
2025-07-16 16:32:41,33.5,68.3,787.0
2025-07-16 16:32:42,33.5,68.4,789.0
2025-07-16 16:32:43,33.5,68.4,793.0
2025-07-16 16:32:44,33.5,68.5,793.0
2025-07-16 16:32:45,33.5,68.5,795.0
2025-07-16 16:32:46,33.5,68.5,795.0
2025-07-16 16:32:47,33.5,68.5,798.0
2025-07-16 16:32:48,33.5,68.5,802.0
2025-07-16 16:32:49,33.5,68.5,799.0
2025-07-16 16:32:50,33.5,68.5,800.0
2025-07-16 16:32:51,33.5,68.5,800.0
2025-07-16 16:32:52,33.5,68.5,804.0
2025-07-16 16:32:53,33.5,68.5,800.0
2025-07-16 16:32:54,33.5,68.5,804.0
2025-07-16 16:32:55,33.5,68.5,799.0
2025-07-16 16:32:56,33.5,68.5,805.0
2025-07-16 16:32:57,33.5,68.5,803.0
2025-07-16 16:32:59,33.5,68.5,804.0
2025-07-16 16:33:00,33.5,68.5,803.0
2025-07-16 16:33:01,33.5,68.5,803.0
2025-07-16 16:33:02,33.5,68.5,805.0
2025-07-16 16:33:03,33.6,68.5,803.0
2025-07-16 16:33:04,33.6,68.5,803.0
2025-07-16 16:33:05,33.5,68.5,804.0
2025-07-16 16:33:06,33.5,68.5,800.0
2025-07-16 16:33:07,33.5,68.5,803.0
2025-07-16 16:33:08,33.5,68.5,803.0
2025-07-16 16:33:09,33.5,68.5,803.0
2025-07-16 16:33:10,33.5,68.5,799.0
2025-07-16 16:33:11,33.5,68.5,799.0
2025-07-16 16:33:12,33.5,68.5,799.0
2025-07-16 16:33:13,33.5,68.5,799.0
2025-07-16 16:33:14,33.5,68.5,798.0
2025-07-16 16:33:15,33.5,68.5,799.0
2025-07-16 16:33:16,33.5,68.5,797.0
2025-07-16 16:33:17,33.5,68.5,797.0
2025-07-16 16:33:18,33.5,68.5,795.0
2025-07-16 16:33:19,33.5,68.5,797.0
2025-07-16 16:33:20,33.5,68.5,797.0
2025-07-16 16:33:21,33.6,68.5,795.0
2025-07-16 16:33:22,33.6,68.5,795.0
2025-07-16 16:33:23,33.6,68.5,792.0
2025-07-16 16:33:24,33.6,68.5,792.0
2025-07-16 16:33:25,33.5,68.5,791.0
2025-07-16 16:33:26,33.5,68.5,791.0
2025-07-16 16:33:27,33.6,68.5,791.0
2025-07-16 16:33:28,33.6,68.5,789.0
2025-07-16 16:33:29,33.5,68.5,789.0
2025-07-16 16:33:30,33.5,68.5,789.0
2025-07-16 16:33:31,33.5,68.5,788.0
2025-07-16 16:33:32,33.5,68.5,789.0
2025-07-16 16:33:33,33.5,68.5,787.0
2025-07-16 16:33:34,33.5,68.5,788.0
2025-07-16 16:33:35,33.5,68.5,790.0
2025-07-16 16:33:36,33.5,68.5,789.0
2025-07-16 16:33:37,33.5,68.5,790.0
2025-07-16 16:33:38,33.5,68.5,789.0
2025-07-16 16:33:39,33.5,68.5,787.0
2025-07-16 16:33:40,33.5,68.5,787.0
2025-07-16 16:33:41,33.5,68.5,787.0
2025-07-16 16:33:42,33.5,68.5,787.0
2025-07-16 16:33:43,33.5,68.5,787.0
2025-07-16 16:33:44,33.5,68.5,787.0
2025-07-16 16:33:45,33.5,68.5,785.0
2025-07-16 16:33:46,33.5,68.5,787.0
2025-07-16 16:33:47,33.5,68.5,784.0
2025-07-16 16:33:48,33.5,68.5,783.0
2025-07-16 16:33:49,33.5,68.5,786.0
2025-07-16 16:33:50,33.5,68.5,786.0
2025-07-16 16:33:51,33.6,68.5,781.0
2025-07-16 16:33:52,33.6,68.5,782.0
2025-07-16 16:33:53,33.5,68.5,783.0
2025-07-16 16:33:54,33.5,68.5,781.0
2025-07-16 16:33:55,33.5,68.5,781.0
2025-07-16 16:33:56,33.5,68.5,781.0
2025-07-16 16:33:57,33.5,68.5,781.0
2025-07-16 16:33:58,33.5,68.5,780.0
2025-07-16 16:33:59,33.5,68.5,779.0
2025-07-16 16:34:00,33.5,68.5,777.0
2025-07-16 16:34:01,33.5,68.5,779.0
2025-07-16 16:34:02,33.5,68.5,781.0
2025-07-16 16:34:03,33.5,68.5,779.0
2025-07-16 16:34:04,33.5,68.5,779.0
2025-07-16 16:34:05,33.5,68.5,778.0
2025-07-16 16:34:06,33.5,68.5,777.0
2025-07-16 16:34:07,33.5,68.5,777.0
2025-07-16 16:34:08,33.5,68.5,777.0
2025-07-16 16:34:09,33.5,68.5,775.0
2025-07-16 16:34:10,33.5,68.5,777.0
2025-07-16 16:34:11,33.5,68.5,775.0
2025-07-16 16:34:12,33.5,68.5,775.0
2025-07-16 16:34:13,33.5,68.5,773.0
2025-07-16 16:34:14,33.5,68.5,767.0
2025-07-16 16:34:15,33.6,68.5,773.0
2025-07-16 16:34:16,33.6,68.5,767.0
2025-07-16 16:34:17,33.5,68.5,773.0
2025-07-16 16:34:18,33.5,68.5,773.0
2025-07-16 16:34:20,33.5,68.5,772.0
2025-07-16 16:34:21,33.5,68.5,767.0
2025-07-16 16:34:22,33.5,68.5,767.0
2025-07-16 16:34:23,33.5,68.5,765.0
2025-07-16 16:34:24,33.5,68.5,765.0
2025-07-16 16:34:25,33.5,68.5,765.0
2025-07-16 16:34:26,33.5,68.5,767.0
2025-07-16 16:34:27,33.5,68.5,765.0
2025-07-16 16:34:28,33.5,68.5,766.0
2025-07-16 16:34:29,33.5,68.5,765.0
2025-07-16 16:34:30,33.5,68.5,765.0
2025-07-16 16:34:31,33.5,68.5,765.0
2025-07-16 16:34:32,33.5,68.5,765.0
2025-07-16 16:34:33,33.5,68.5,765.0
2025-07-16 16:34:34,33.5,68.4,765.0
2025-07-16 16:34:35,33.5,68.4,763.0
2025-07-16 16:34:36,33.5,68.4,765.0
2025-07-16 16:34:37,33.5,68.4,765.0
2025-07-16 16:34:38,33.5,68.4,765.0
2025-07-16 16:34:39,33.5,68.4,764.0
2025-07-16 16:34:40,33.6,68.4,764.0
2025-07-16 16:34:41,33.6,68.4,764.0
2025-07-16 16:34:42,33.5,68.4,764.0
2025-07-16 16:34:43,33.5,68.4,763.0
2025-07-16 16:34:44,33.5,68.4,763.0
2025-07-16 16:34:45,33.5,68.4,763.0
2025-07-16 16:34:46,33.5,68.4,762.0
2025-07-16 16:34:47,33.5,68.4,763.0
2025-07-16 16:34:48,33.5,68.4,763.0
2025-07-16 16:34:49,33.5,68.4,763.0
2025-07-16 16:34:50,33.5,68.4,761.0
2025-07-16 16:34:51,33.5,68.4,762.0
2025-07-16 16:34:52,33.5,68.4,761.0
2025-07-16 16:34:53,33.5,68.4,760.0
2025-07-16 16:34:54,33.5,68.4,761.0
2025-07-16 16:34:55,33.5,68.4,761.0
2025-07-16 16:34:56,33.5,68.4,761.0
2025-07-16 16:34:57,33.5,68.4,759.0
2025-07-16 16:34:58,33.5,68.4,759.0
2025-07-16 16:34:59,33.5,68.4,759.0
2025-07-16 16:35:00,33.5,68.4,757.0
2025-07-16 16:35:01,33.5,68.4,757.0
2025-07-16 16:35:02,33.5,68.5,755.0
2025-07-16 16:35:03,33.5,68.5,755.0
2025-07-16 16:35:04,33.5,68.5,755.0
2025-07-16 16:35:05,33.5,68.5,752.0
2025-07-16 16:35:06,33.5,68.5,755.0
2025-07-16 16:35:07,33.5,68.5,751.0
2025-07-16 16:35:08,33.5,68.5,753.0
2025-07-16 16:35:09,33.5,68.5,751.0
2025-07-16 16:35:10,33.5,68.5,749.0
2025-07-16 16:35:11,33.5,68.5,749.0
2025-07-16 16:35:12,33.5,68.5,748.0
2025-07-16 16:35:13,33.5,68.5,749.0
2025-07-16 16:35:14,33.5,68.5,748.0
2025-07-16 16:35:15,33.5,68.5,748.0
2025-07-16 16:35:16,33.5,68.5,747.0
2025-07-16 16:35:17,33.5,68.5,747.0
2025-07-16 16:35:18,33.5,68.5,747.0
2025-07-16 16:35:19,33.5,68.5,746.0
2025-07-16 16:35:20,33.5,68.5,745.0
2025-07-16 16:35:21,33.5,68.5,744.0
2025-07-16 16:35:22,33.5,68.5,745.0
2025-07-16 16:35:23,33.5,68.5,745.0
2025-07-16 16:35:24,33.5,68.5,744.0
2025-07-16 16:35:25,33.5,68.5,745.0
2025-07-16 16:35:26,33.5,68.5,743.0
2025-07-16 16:35:27,33.5,68.5,743.0
2025-07-16 16:35:28,33.6,68.5,743.0
2025-07-16 16:35:29,33.6,68.5,743.0
2025-07-16 16:35:30,33.5,68.4,744.0
2025-07-16 16:35:31,33.5,68.4,743.0
2025-07-16 16:35:32,33.5,68.5,743.0
2025-07-16 16:35:33,33.5,68.5,742.0
2025-07-16 16:35:34,33.5,68.5,739.0
2025-07-16 16:35:35,33.5,68.5,741.0
2025-07-16 16:35:36,33.5,68.4,741.0
2025-07-16 16:35:37,33.5,68.4,741.0
2025-07-16 16:35:38,33.5,68.4,738.0
2025-07-16 16:35:39,33.5,68.4,739.0
2025-07-16 16:35:41,33.5,68.4,738.0
2025-07-16 16:35:42,33.5,68.4,735.0
2025-07-16 16:35:43,33.5,68.4,736.0
2025-07-16 16:35:44,33.5,68.4,734.0
2025-07-16 16:35:45,33.5,68.4,735.0
2025-07-16 16:35:46,33.5,68.4,733.0
2025-07-16 16:35:47,33.5,68.4,733.0
2025-07-16 16:35:48,33.5,68.4,732.0
2025-07-16 16:35:49,33.5,68.4,733.0
2025-07-16 16:35:50,33.5,68.4,733.0
2025-07-16 16:35:51,33.5,68.4,733.0
2025-07-16 16:35:52,33.5,68.4,733.0
2025-07-16 16:35:53,33.6,68.4,733.0
2025-07-16 16:35:54,33.6,68.4,733.0
2025-07-16 16:35:55,33.5,68.4,732.0
2025-07-16 16:35:56,33.5,68.4,733.0
2025-07-16 16:35:57,33.5,68.4,731.0
2025-07-16 16:35:58,33.5,68.4,731.0
2025-07-16 16:35:59,33.5,68.4,731.0
2025-07-16 16:36:00,33.5,68.4,731.0
2025-07-16 16:36:01,33.5,68.4,729.0
2025-07-16 16:36:02,33.5,68.4,731.0
2025-07-16 16:36:03,33.5,68.4,731.0
2025-07-16 16:36:04,33.5,68.4,729.0
2025-07-16 16:36:05,33.5,68.4,729.0
2025-07-16 16:36:06,33.5,68.4,729.0
2025-07-16 16:36:07,33.5,68.4,729.0
2025-07-16 16:36:08,33.5,68.4,729.0
2025-07-16 16:36:09,33.5,68.4,731.0
2025-07-16 16:36:10,33.5,68.4,729.0
2025-07-16 16:36:11,33.5,68.4,728.0
2025-07-16 16:36:12,33.5,68.4,730.0
2025-07-16 16:36:13,33.5,68.4,729.0
2025-07-16 16:36:14,33.5,68.4,730.0
2025-07-16 16:36:15,33.5,68.4,727.0
2025-07-16 16:36:16,33.5,68.4,728.0
2025-07-16 16:36:17,33.6,68.5,729.0
2025-07-16 16:36:18,33.6,68.5,727.0
2025-07-16 16:36:19,33.5,68.4,725.0
2025-07-16 16:36:20,33.5,68.4,727.0
2025-07-16 16:36:21,33.5,68.5,727.0
2025-07-16 16:36:22,33.5,68.5,726.0
2025-07-16 16:36:23,33.5,68.5,725.0
2025-07-16 16:36:24,33.5,68.5,728.0
2025-07-16 16:36:25,33.5,68.5,727.0
2025-07-16 16:36:26,33.5,68.5,725.0
2025-07-16 16:36:27,33.5,68.5,725.0
2025-07-16 16:36:28,33.5,68.5,726.0
2025-07-16 16:36:29,33.5,68.5,724.0
2025-07-16 16:36:30,33.5,68.5,724.0
2025-07-16 16:36:31,33.5,68.5,725.0
2025-07-16 16:36:32,33.5,68.5,725.0
2025-07-16 16:36:33,33.5,68.5,727.0
2025-07-16 16:36:34,33.5,68.5,725.0
2025-07-16 16:36:35,33.5,68.5,727.0
2025-07-16 16:36:36,33.5,68.5,725.0
2025-07-16 16:36:37,33.5,68.5,725.0
2025-07-16 16:36:38,33.5,68.5,725.0
2025-07-16 16:36:39,33.5,68.5,723.0
2025-07-16 16:36:40,33.5,68.5,725.0
2025-07-16 16:36:41,33.5,68.5,724.0
2025-07-16 16:36:42,33.5,68.5,725.0
2025-07-16 16:36:43,33.5,68.5,725.0
2025-07-16 16:36:44,33.5,68.5,723.0
2025-07-16 16:36:45,33.5,68.5,725.0
2025-07-16 16:36:46,33.5,68.5,723.0
2025-07-16 16:36:47,33.5,68.5,723.0
2025-07-16 16:36:48,33.5,68.5,722.0
2025-07-16 16:36:49,33.5,68.6,723.0
2025-07-16 16:36:50,33.5,68.6,724.0
2025-07-16 16:36:51,33.5,68.6,724.0
2025-07-16 16:36:52,33.5,68.6,723.0
2025-07-16 16:36:53,33.5,68.6,720.0
2025-07-16 16:36:54,33.5,68.6,719.0
2025-07-16 16:36:55,33.5,68.6,721.0
2025-07-16 16:36:56,33.5,68.6,719.0
2025-07-16 16:36:57,33.5,68.6,723.0
2025-07-16 16:36:58,33.5,68.6,723.0
2025-07-16 16:36:59,33.5,68.6,723.0
2025-07-16 16:37:00,33.5,68.6,719.0
2025-07-16 16:37:02,33.5,68.6,721.0
2025-07-16 16:37:03,33.5,68.6,722.0
2025-07-16 16:37:04,33.5,68.6,717.0
2025-07-16 16:37:05,33.5,68.6,719.0
2025-07-16 16:37:06,33.5,68.7,718.0
2025-07-16 16:37:07,33.5,68.7,717.0
2025-07-16 16:37:08,33.5,68.7,717.0
2025-07-16 16:37:09,33.5,68.7,716.0
2025-07-16 16:37:10,33.5,68.7,717.0
2025-07-16 16:37:11,33.5,68.7,716.0
2025-07-16 16:37:12,33.5,68.7,714.0
2025-07-16 16:37:13,33.5,68.7,716.0
2025-07-16 16:37:14,33.5,68.7,715.0
2025-07-16 16:37:15,33.5,68.7,715.0
2025-07-16 16:37:16,33.5,68.8,714.0
2025-07-16 16:37:17,33.5,68.8,715.0
2025-07-16 16:37:18,33.5,68.8,714.0
2025-07-16 16:37:19,33.5,68.8,715.0
2025-07-16 16:37:20,33.5,68.8,714.0
2025-07-16 16:37:21,33.5,68.8,714.0
2025-07-16 16:37:22,33.5,68.8,714.0
2025-07-16 16:37:23,33.5,68.8,713.0
2025-07-16 16:37:24,33.5,68.8,716.0
2025-07-16 16:37:25,33.5,68.8,712.0
2025-07-16 16:37:26,33.5,68.8,713.0
2025-07-16 16:37:27,33.5,68.8,713.0
2025-07-16 16:37:28,33.5,68.8,713.0
2025-07-16 16:37:29,33.5,68.8,711.0
2025-07-16 16:37:30,33.5,68.8,711.0
2025-07-16 16:37:31,33.5,68.8,711.0
2025-07-16 16:37:32,33.5,68.8,711.0
2025-07-16 16:37:33,33.5,68.8,709.0
2025-07-16 16:37:34,33.5,68.8,710.0
2025-07-16 16:37:35,33.5,68.8,709.0
2025-07-16 16:37:36,33.5,68.8,703.0
2025-07-16 16:37:37,33.5,68.8,703.0
2025-07-16 16:37:38,33.5,68.8,708.0
2025-07-16 16:37:39,33.5,68.8,709.0
2025-07-16 16:37:40,33.5,68.9,703.0
2025-07-16 16:37:41,33.5,68.9,703.0
2025-07-16 16:37:42,33.5,68.9,703.0
2025-07-16 16:37:43,33.5,68.9,703.0
2025-07-16 16:37:44,33.5,68.9,703.0
2025-07-16 16:37:45,33.5,68.9,701.0
2025-07-16 16:37:46,33.5,68.9,703.0
2025-07-16 16:37:47,33.5,68.9,701.0
2025-07-16 16:37:48,33.5,68.9,701.0
2025-07-16 16:37:49,33.5,68.9,703.0
2025-07-16 16:37:50,33.5,68.9,703.0
2025-07-16 16:37:51,33.5,68.9,702.0
2025-07-16 16:37:52,33.5,68.9,701.0
2025-07-16 16:37:53,33.5,68.9,701.0
2025-07-16 16:37:54,33.5,68.9,701.0
2025-07-16 16:37:55,33.5,68.9,701.0
2025-07-16 16:37:56,33.5,68.9,703.0
2025-07-16 16:37:57,33.5,68.9,703.0
2025-07-16 16:37:58,33.5,68.9,702.0
2025-07-16 16:37:59,33.5,68.9,700.0
2025-07-16 16:38:00,33.5,68.9,701.0
2025-07-16 16:38:01,33.5,68.9,703.0
2025-07-16 16:38:02,33.5,68.9,701.0
2025-07-16 16:38:03,33.5,68.9,699.0
2025-07-16 16:38:04,33.5,68.9,700.0
2025-07-16 16:38:05,33.5,68.9,699.0
2025-07-16 16:38:06,33.5,68.9,699.0
2025-07-16 16:38:07,33.5,68.9,699.0
2025-07-16 16:38:08,33.5,68.9,699.0
2025-07-16 16:38:09,33.5,68.9,697.0
2025-07-16 16:38:10,33.5,68.9,697.0
2025-07-16 16:38:11,33.5,68.9,696.0
2025-07-16 16:38:12,33.5,68.9,695.0
2025-07-16 16:38:13,33.5,68.9,697.0
2025-07-16 16:38:14,33.5,68.9,695.0
2025-07-16 16:38:15,33.5,68.9,695.0
2025-07-16 16:38:16,33.5,68.9,695.0
2025-07-16 16:38:17,33.5,68.9,695.0
2025-07-16 16:38:18,33.5,68.9,695.0
2025-07-16 16:38:19,33.5,68.9,694.0
2025-07-16 16:38:20,33.5,68.9,693.0
2025-07-16 16:38:21,33.5,68.9,692.0
2025-07-16 16:38:23,33.5,68.9,693.0
2025-07-16 16:38:24,33.5,68.9,691.0
2025-07-16 16:38:25,33.5,69.0,691.0
2025-07-16 16:38:26,33.5,69.0,693.0
2025-07-16 16:38:27,33.5,69.0,692.0
2025-07-16 16:38:28,33.5,69.0,691.0
2025-07-16 16:38:29,33.5,69.0,691.0
2025-07-16 16:38:30,33.5,69.0,690.0
2025-07-16 16:38:31,33.5,69.0,691.0
2025-07-16 16:38:32,33.5,69.0,687.0
2025-07-16 16:38:33,33.5,69.0,687.0
2025-07-16 16:38:34,33.5,69.0,687.0
2025-07-16 16:38:35,33.5,69.0,691.0
2025-07-16 16:38:36,33.5,69.0,691.0
2025-07-16 16:38:37,33.5,69.0,690.0
2025-07-16 16:38:38,33.5,69.0,688.0
2025-07-16 16:38:39,33.5,69.0,691.0
2025-07-16 16:38:40,33.5,69.0,687.0
2025-07-16 16:38:41,33.5,69.0,693.0
2025-07-16 16:38:42,33.5,69.0,691.0
2025-07-16 16:38:43,33.5,69.0,688.0
2025-07-16 16:38:44,33.5,69.0,687.0
2025-07-16 16:38:45,33.5,69.0,691.0
2025-07-16 16:38:46,33.5,69.0,687.0
2025-07-16 16:38:47,33.5,69.0,687.0
2025-07-16 16:38:48,33.5,69.0,687.0
2025-07-16 16:38:49,33.5,69.0,687.0
2025-07-16 16:38:50,33.5,69.0,687.0
2025-07-16 16:38:51,33.5,69.1,686.0
2025-07-16 16:38:52,33.5,69.1,685.0
2025-07-16 16:38:53,33.5,69.1,685.0
2025-07-16 16:38:54,33.5,69.1,685.0
2025-07-16 16:38:55,33.5,69.1,685.0
2025-07-16 16:38:56,33.5,69.1,685.0
2025-07-16 16:38:57,33.5,69.1,685.0
2025-07-16 16:38:58,33.5,69.1,683.0
2025-07-16 16:38:59,33.5,69.1,684.0
2025-07-16 16:39:00,33.5,69.1,684.0
2025-07-16 16:39:01,33.5,69.1,681.0
2025-07-16 16:39:02,33.5,69.1,682.0
2025-07-16 16:39:03,33.5,69.0,683.0
2025-07-16 16:39:04,33.5,69.0,681.0
2025-07-16 16:39:05,33.4,69.0,679.0
2025-07-16 16:39:06,33.4,69.0,680.0
2025-07-16 16:39:07,33.3,69.0,679.0
2025-07-16 16:39:08,33.3,69.0,677.0
2025-07-16 16:39:09,33.3,69.0,679.0
2025-07-16 16:39:10,33.3,69.0,679.0
2025-07-16 16:39:11,33.3,69.0,678.0
2025-07-16 16:39:12,33.3,69.0,678.0
2025-07-16 16:39:13,33.3,69.0,679.0
2025-07-16 16:39:14,33.3,69.0,679.0
2025-07-16 16:39:15,33.3,69.0,679.0
2025-07-16 16:39:16,33.3,69.0,678.0
2025-07-16 16:39:17,33.3,69.0,677.0
2025-07-16 16:39:18,33.3,69.0,677.0
2025-07-16 16:39:19,33.3,69.0,679.0
2025-07-16 16:39:20,33.3,69.0,677.0
2025-07-16 16:39:21,33.3,69.0,679.0
2025-07-16 16:39:22,33.3,69.0,677.0
2025-07-16 16:39:23,33.3,69.0,679.0
2025-07-16 16:39:24,33.3,69.0,677.0
2025-07-16 16:39:25,33.3,69.0,675.0
2025-07-16 16:39:26,33.3,69.0,677.0
2025-07-16 16:39:27,33.3,68.9,676.0
2025-07-16 16:39:28,33.3,68.9,672.0
2025-07-16 16:39:29,33.3,68.9,675.0
2025-07-16 16:39:30,33.3,68.9,675.0
2025-07-16 16:39:31,33.3,68.9,672.0
2025-07-16 16:39:32,33.3,68.9,672.0
2025-07-16 16:39:33,33.3,68.9,675.0
2025-07-16 16:39:34,33.3,68.9,675.0
2025-07-16 16:39:35,33.3,68.9,675.0
2025-07-16 16:39:36,33.3,68.9,671.0
2025-07-16 16:39:37,33.3,68.9,671.0
2025-07-16 16:39:38,33.3,68.9,671.0
2025-07-16 16:39:39,33.3,68.9,672.0
2025-07-16 16:39:40,33.3,68.9,671.0
2025-07-16 16:39:41,33.3,68.9,672.0
2025-07-16 16:39:42,33.3,68.9,672.0
2025-07-16 16:39:43,33.3,68.9,675.0
2025-07-16 16:39:44,33.3,68.9,675.0
2025-07-16 16:39:46,33.3,68.9,672.0
2025-07-16 16:39:47,33.3,68.9,671.0
2025-07-16 16:39:48,33.3,68.9,672.0
2025-07-16 16:39:49,33.3,68.9,672.0
2025-07-16 16:39:50,33.3,68.9,677.0
2025-07-16 16:39:51,33.3,68.9,671.0
2025-07-16 16:39:52,33.3,68.9,671.0
2025-07-16 16:39:53,33.3,68.9,672.0
2025-07-16 16:39:54,33.3,68.9,671.0
2025-07-16 16:39:55,33.3,68.9,670.0
2025-07-16 16:39:56,33.3,68.8,669.0
2025-07-16 16:39:57,33.3,68.8,671.0
2025-07-16 16:39:58,33.3,68.9,669.0
2025-07-16 16:39:59,33.3,68.9,668.0
2025-07-16 16:40:00,33.3,68.9,669.0
2025-07-16 16:40:01,33.3,68.9,668.0
2025-07-16 16:40:02,33.3,68.9,667.0
2025-07-16 16:40:03,33.3,68.9,664.0
2025-07-16 16:40:04,33.3,68.9,667.0
2025-07-16 16:40:05,33.3,68.9,667.0
2025-07-16 16:40:06,33.3,68.8,667.0
2025-07-16 16:40:07,33.3,68.8,668.0
2025-07-16 16:40:08,33.3,68.8,667.0
2025-07-16 16:40:09,33.3,68.8,667.0
2025-07-16 16:40:10,33.3,68.8,667.0
2025-07-16 16:40:11,33.3,68.8,667.0
2025-07-16 16:40:12,33.3,68.8,665.0
2025-07-16 16:40:13,33.3,68.8,665.0
2025-07-16 16:40:14,33.3,68.8,664.0
2025-07-16 16:40:15,33.3,68.8,663.0
2025-07-16 16:40:16,33.3,68.8,663.0
2025-07-16 16:40:17,33.3,68.8,664.0
2025-07-16 16:40:18,33.3,68.8,663.0
2025-07-16 16:40:19,33.3,68.8,664.0
2025-07-16 16:40:20,33.3,68.8,662.0
2025-07-16 16:40:21,33.3,68.8,663.0
2025-07-16 16:40:22,33.3,68.8,663.0
2025-07-16 16:40:23,33.3,68.8,663.0
2025-07-16 16:40:24,33.3,68.8,661.0
2025-07-16 16:40:25,33.3,68.8,664.0
2025-07-16 16:40:26,33.3,68.8,663.0
2025-07-16 16:40:27,33.3,68.8,663.0
2025-07-16 16:40:28,33.3,68.8,661.0
2025-07-16 16:40:29,33.3,68.8,662.0
2025-07-16 16:40:30,33.3,68.8,660.0
2025-07-16 16:40:31,33.3,68.8,662.0
2025-07-16 16:40:32,33.3,68.8,661.0
2025-07-16 16:40:33,33.3,68.8,662.0
2025-07-16 16:40:34,33.3,68.8,661.0
2025-07-16 16:40:35,33.3,68.8,661.0
2025-07-16 16:40:36,33.3,68.8,661.0
2025-07-16 16:40:37,33.3,68.8,661.0
2025-07-16 16:40:38,33.3,68.8,661.0
2025-07-16 16:40:39,33.3,68.8,661.0
2025-07-16 16:40:40,33.3,68.8,659.0
2025-07-16 16:40:41,33.3,68.8,661.0
2025-07-16 16:40:42,33.3,68.8,659.0
2025-07-16 16:40:43,33.3,68.8,659.0
2025-07-16 16:40:44,33.3,68.8,660.0
2025-07-16 16:40:45,33.3,68.8,661.0
2025-07-16 16:40:46,33.3,68.8,661.0
2025-07-16 16:40:47,33.3,68.8,660.0
2025-07-16 16:40:48,33.3,68.8,661.0
2025-07-16 16:40:49,33.3,68.8,661.0
2025-07-16 16:40:50,33.3,68.8,659.0
2025-07-16 16:40:51,33.3,68.8,659.0
2025-07-16 16:40:52,33.3,68.8,659.0
2025-07-16 16:40:53,33.3,68.8,660.0
2025-07-16 16:40:54,33.3,68.8,661.0
2025-07-16 16:40:55,33.3,68.8,659.0
2025-07-16 16:40:56,33.3,68.7,659.0
2025-07-16 16:40:57,33.3,68.7,659.0
2025-07-16 16:40:58,33.3,68.7,659.0
2025-07-16 16:40:59,33.3,68.7,658.0
2025-07-16 16:41:00,33.3,68.7,659.0
2025-07-16 16:41:01,33.3,68.7,655.0
2025-07-16 16:41:02,33.3,68.7,657.0
2025-07-16 16:41:03,33.3,68.7,659.0
2025-07-16 16:41:04,33.3,68.7,653.0
2025-07-16 16:41:05,33.3,68.7,655.0
2025-07-16 16:41:07,33.3,68.7,655.0
2025-07-16 16:41:08,33.3,68.7,655.0
2025-07-16 16:41:09,33.3,68.7,655.0
2025-07-16 16:41:10,33.3,68.7,653.0
2025-07-16 16:41:11,33.3,68.7,653.0
2025-07-16 16:41:12,33.3,68.7,653.0
2025-07-16 16:41:13,33.3,68.7,653.0
2025-07-16 16:41:14,33.3,68.7,653.0
2025-07-16 16:41:15,33.3,68.7,653.0
2025-07-16 16:41:16,33.3,68.7,653.0
2025-07-16 16:41:17,33.3,68.7,659.0
2025-07-16 16:41:18,33.3,68.7,651.0
2025-07-16 16:41:19,33.3,68.6,652.0
2025-07-16 16:41:20,33.3,68.6,648.0
2025-07-16 16:41:21,33.3,68.6,651.0
2025-07-16 16:41:22,33.3,68.6,649.0
2025-07-16 16:41:23,33.3,68.6,649.0
2025-07-16 16:41:24,33.3,68.6,649.0
2025-07-16 16:41:25,33.3,68.6,649.0
2025-07-16 16:41:26,33.3,68.6,649.0
2025-07-16 16:41:27,33.3,68.6,649.0
2025-07-16 16:41:28,33.3,68.6,648.0
2025-07-16 16:41:29,33.3,68.6,648.0
2025-07-16 16:41:30,33.3,68.6,647.0
2025-07-16 16:41:31,33.3,68.6,647.0
2025-07-16 16:41:32,33.3,68.6,647.0
2025-07-16 16:41:33,33.3,68.6,645.0
2025-07-16 16:41:34,33.3,68.6,647.0
2025-07-16 16:41:35,33.3,68.6,647.0
2025-07-16 16:41:36,33.3,68.6,647.0
2025-07-16 16:41:37,33.3,68.6,647.0
2025-07-16 16:41:38,33.3,68.6,647.0
2025-07-16 16:41:39,33.3,68.6,646.0
2025-07-16 16:41:40,33.3,68.6,645.0
2025-07-16 16:41:41,33.3,68.6,645.0
2025-07-16 16:41:42,33.3,68.6,647.0
2025-07-16 16:41:43,33.3,68.6,645.0
2025-07-16 16:41:44,33.3,68.6,645.0
2025-07-16 16:41:45,33.3,68.6,645.0
2025-07-16 16:41:46,33.3,68.6,645.0
2025-07-16 16:41:47,33.3,68.6,645.0
2025-07-16 16:41:48,33.3,68.6,645.0
2025-07-16 16:41:49,33.3,68.6,639.0
2025-07-16 16:41:50,33.3,68.6,645.0
2025-07-16 16:41:51,33.3,68.6,646.0
2025-07-16 16:41:52,33.3,68.6,645.0
2025-07-16 16:41:53,33.3,68.6,644.0
2025-07-16 16:41:54,33.3,68.6,639.0
2025-07-16 16:41:55,33.4,68.6,639.0
2025-07-16 16:41:56,33.4,68.6,639.0
2025-07-16 16:41:57,33.3,68.6,646.0
2025-07-16 16:41:58,33.3,68.6,645.0
2025-07-16 16:41:59,33.3,68.6,640.0
2025-07-16 16:42:00,33.3,68.6,644.0
2025-07-16 16:42:01,33.4,68.6,644.0
2025-07-16 16:42:02,33.4,68.6,645.0
2025-07-16 16:42:03,33.4,68.6,637.0
2025-07-16 16:42:04,33.4,68.6,646.0
2025-07-16 16:42:05,33.4,68.6,645.0
2025-07-16 16:42:06,33.4,68.6,645.0
2025-07-16 16:42:07,33.4,68.6,640.0
2025-07-16 16:42:08,33.4,68.6,639.0
2025-07-16 16:42:09,33.5,68.6,639.0
2025-07-16 16:42:10,33.5,68.6,638.0
2025-07-16 16:42:11,33.5,68.6,638.0
2025-07-16 16:42:12,33.5,68.6,639.0
2025-07-16 16:42:13,33.5,68.6,635.0
2025-07-16 16:42:14,33.5,68.6,637.0
2025-07-16 16:42:15,33.5,68.6,637.0
2025-07-16 16:42:16,33.5,68.6,637.0
2025-07-16 16:42:17,33.5,68.6,637.0
2025-07-16 16:42:18,33.5,68.6,635.0
2025-07-16 16:42:19,33.5,68.6,637.0
2025-07-16 16:42:20,33.5,68.6,637.0
2025-07-16 16:42:21,33.5,68.6,635.0
2025-07-16 16:42:22,33.5,68.6,637.0
2025-07-16 16:42:23,33.4,68.6,637.0
2025-07-16 16:42:24,33.4,68.6,637.0
2025-07-16 16:42:25,33.4,68.6,635.0
2025-07-16 16:42:26,33.4,68.6,635.0
2025-07-16 16:42:28,33.4,68.6,635.0
2025-07-16 16:42:29,33.4,68.6,637.0
2025-07-16 16:42:30,33.4,68.6,634.0
2025-07-16 16:42:31,33.4,68.6,635.0
2025-07-16 16:42:32,33.4,68.6,635.0
2025-07-16 16:42:33,33.4,68.6,635.0
2025-07-16 16:42:34,33.4,68.6,635.0
2025-07-16 16:42:35,33.4,68.6,634.0
2025-07-16 16:42:36,33.3,68.6,633.0
2025-07-16 16:42:37,33.3,68.6,632.0
2025-07-16 16:42:38,33.3,68.6,633.0
2025-07-16 16:42:39,33.3,68.6,631.0
2025-07-16 16:42:40,33.3,68.6,631.0
2025-07-16 16:42:41,33.3,68.6,632.0
2025-07-16 16:42:42,33.3,68.5,632.0
2025-07-16 16:42:43,33.3,68.5,631.0
2025-07-16 16:42:44,33.3,68.6,631.0
2025-07-16 16:42:45,33.3,68.6,629.0
2025-07-16 16:42:46,33.3,68.5,629.0
2025-07-16 16:42:47,33.3,68.5,629.0
2025-07-16 16:42:48,33.3,68.6,629.0
2025-07-16 16:42:49,33.3,68.6,629.0