local_time,timestamp,aqi,pm25,pm10,co,no2,o3,t,h,p,w
2025-07-16 14:46:16,2025-07-16 14:00:00,83,83,,0.1,,,33,72.5,1002,1.8
2025-07-16 14:46:27,2025-07-16 14:00:00,83,83,,0.1,,,33,72.5,1002,1.8
2025-07-16 14:46:37,2025-07-16 14:00:00,83,83,,0.1,,,33,72.5,1002,1.8
2025-07-16 14:46:48,2025-07-16 14:00:00,83,83,,0.1,,,33,72.5,1002,1.8
2025-07-16 14:46:58,2025-07-16 14:00:00,83,83,,0.1,,,33,72.5,1002,1.8
2025-07-16 14:47:09,2025-07-16 14:00:00,83,83,,0.1,,,33,72.5,1002,1.8
2025-07-16 14:47:19,2025-07-16 14:00:00,83,83,,0.1,,,33,72.5,1002,1.8
2025-07-16 14:47:29,2025-07-16 14:00:00,83,83,,0.1,,,33,72.5,1002,1.8
2025-07-16 14:47:40,2025-07-16 14:00:00,83,83,,0.1,,,33,72.5,1002,1.8
2025-07-16 14:47:51,2025-07-16 14:00:00,83,83,,0.1,,,33,72.5,1002,1.8
2025-07-16 14:48:01,2025-07-16 14:00:00,83,83,,0.1,,,33,72.5,1002,1.8
2025-07-16 14:48:11,2025-07-16 14:00:00,83,83,,0.1,,,33,72.5,1002,1.8
2025-07-16 14:48:22,2025-07-16 14:00:00,83,83,,0.1,,,33,72.5,1002,1.8
2025-07-16 14:48:32,2025-07-16 14:00:00,83,83,,0.1,,,33,72.5,1002,1.8
2025-07-16 14:48:43,2025-07-16 14:00:00,83,83,,0.1,,,33,72.5,1002,1.8
2025-07-16 14:48:53,2025-07-16 14:00:00,83,83,,0.1,,,33,72.5,1002,1.8
2025-07-16 14:49:04,2025-07-16 14:00:00,83,83,,0.1,,,33,72.5,1002,1.8
2025-07-16 14:49:14,2025-07-16 14:00:00,83,83,,0.1,,,33,72.5,1002,1.8
2025-07-16 14:49:25,2025-07-16 14:00:00,83,83,,0.1,,,33,72.5,1002,1.8
2025-07-16 14:49:35,2025-07-16 14:00:00,83,83,,0.1,,,33,72.5,1002,1.8
2025-07-16 14:49:46,2025-07-16 14:00:00,83,83,,0.1,,,33,72.5,1002,1.8
2025-07-16 14:49:56,2025-07-16 14:00:00,83,83,,0.1,,,33,72.5,1002,1.8
2025-07-16 14:50:06,2025-07-16 14:00:00,83,83,,0.1,,,33,72.5,1002,1.8
2025-07-16 14:50:17,2025-07-16 14:00:00,83,83,,0.1,,,33,72.5,1002,1.8
2025-07-16 14:50:27,2025-07-16 14:00:00,83,83,,0.1,,,33,72.5,1002,1.8
2025-07-16 14:50:38,2025-07-16 14:00:00,83,83,,0.1,,,33,72.5,1002,1.8
2025-07-16 14:50:48,2025-07-16 14:00:00,83,83,,0.1,,,33,72.5,1002,1.8
2025-07-16 14:50:59,2025-07-16 14:00:00,83,83,,0.1,,,33,72.5,1002,1.8
2025-07-16 14:51:09,2025-07-16 14:00:00,83,83,,0.1,,,33,72.5,1002,1.8
2025-07-16 14:51:20,2025-07-16 14:00:00,83,83,,0.1,,,33,72.5,1002,1.8
2025-07-16 14:51:30,2025-07-16 14:00:00,83,83,,0.1,,,33,72.5,1002,1.8
2025-07-16 14:51:40,2025-07-16 14:00:00,83,83,,0.1,,,33,72.5,1002,1.8
2025-07-16 14:51:51,2025-07-16 14:00:00,83,83,,0.1,,,33,72.5,1002,1.8
2025-07-16 14:52:01,2025-07-16 14:00:00,83,83,,0.1,,,33,72.5,1002,1.8
2025-07-16 14:52:12,2025-07-16 14:00:00,83,83,,0.1,,,33,72.5,1002,1.8
2025-07-16 14:52:22,2025-07-16 14:00:00,83,83,,0.1,,,33,72.5,1002,1.8
2025-07-16 14:52:33,2025-07-16 14:00:00,83,83,,0.1,,,33,72.5,1002,1.8
2025-07-16 14:52:43,2025-07-16 14:00:00,83,83,,0.1,,,33,72.5,1002,1.8
2025-07-16 14:52:54,2025-07-16 14:00:00,83,83,,0.1,,,33,72.5,1002,1.8
2025-07-16 14:53:04,2025-07-16 14:00:00,83,83,,0.1,,,33,72.5,1002,1.8
2025-07-16 14:53:15,2025-07-16 14:00:00,83,83,,0.1,,,33,72.5,1002,1.8
2025-07-16 14:53:25,2025-07-16 14:00:00,83,83,,0.1,,,33,72.5,1002,1.8
2025-07-16 14:53:36,2025-07-16 14:00:00,83,83,,0.1,,,33,72.5,1002,1.8
2025-07-16 14:53:46,2025-07-16 14:00:00,83,83,,0.1,,,33,72.5,1002,1.8
2025-07-16 14:53:57,2025-07-16 14:00:00,83,83,,0.1,,,33,72.5,1002,1.8
2025-07-16 14:54:07,2025-07-16 14:00:00,83,83,,0.1,,,33,72.5,1002,1.8
2025-07-16 14:54:17,2025-07-16 14:00:00,83,83,,0.1,,,33,72.5,1002,1.8
2025-07-16 14:54:28,2025-07-16 14:00:00,83,83,,0.1,,,33,72.5,1002,1.8
2025-07-16 14:54:38,2025-07-16 14:00:00,83,83,,0.1,,,33,72.5,1002,1.8
2025-07-16 14:54:49,2025-07-16 14:00:00,83,83,,0.1,,,33,72.5,1002,1.8
2025-07-16 14:54:59,2025-07-16 14:00:00,83,83,,0.1,,,33,72.5,1002,1.8
2025-07-16 14:55:10,2025-07-16 14:00:00,83,83,,0.1,,,33,72.5,1002,1.8
2025-07-16 14:55:20,2025-07-16 14:00:00,83,83,,0.1,,,33,72.5,1002,1.8
2025-07-16 14:55:30,2025-07-16 14:00:00,83,83,,0.1,,,33,72.5,1002,1.8
2025-07-16 14:55:41,2025-07-16 14:00:00,83,83,,0.1,,,33,72.5,1002,1.8
2025-07-16 14:55:52,2025-07-16 14:00:00,83,83,,0.1,,,33,72.5,1002,1.8
2025-07-16 14:56:02,2025-07-16 14:00:00,83,83,,0.1,,,33,72.5,1002,1.8
2025-07-16 14:56:12,2025-07-16 14:00:00,83,83,,0.1,,,33,72.5,1002,1.8
2025-07-16 14:56:23,2025-07-16 14:00:00,83,83,,0.1,,,33,72.5,1002,1.8
2025-07-16 14:56:33,2025-07-16 14:00:00,83,83,,0.1,,,33,72.5,1002,1.8
2025-07-16 14:56:44,2025-07-16 14:00:00,83,83,,0.1,,,33,72.5,1002,1.8
2025-07-16 14:56:54,2025-07-16 14:00:00,83,83,,0.1,,,33,72.5,1002,1.8
2025-07-16 14:57:05,2025-07-16 14:00:00,83,83,,0.1,,,33,72.5,1002,1.8
2025-07-16 14:57:15,2025-07-16 14:00:00,83,83,,0.1,,,33,72.5,1002,1.8
2025-07-16 14:57:26,2025-07-16 14:00:00,83,83,,0.1,,,33,72.5,1002,1.8
2025-07-16 14:57:36,2025-07-16 14:00:00,83,83,,0.1,,,33,72.5,1002,1.8
2025-07-16 14:57:47,2025-07-16 14:00:00,83,83,,0.1,,,33,72.5,1002,1.8
2025-07-16 14:57:57,2025-07-16 14:00:00,83,83,,0.1,,,33,72.5,1002,1.8
2025-07-16 14:58:08,2025-07-16 14:00:00,83,83,,0.1,,,33,72.5,1002,1.8
2025-07-16 14:58:18,2025-07-16 14:00:00,83,83,,0.1,,,33,72.5,1002,1.8
2025-07-16 14:58:28,2025-07-16 14:00:00,83,83,,0.1,,,33,72.5,1002,1.8
2025-07-16 14:58:39,2025-07-16 14:00:00,83,83,,0.1,,,33,72.5,1002,1.8
2025-07-16 14:58:49,2025-07-16 14:00:00,83,83,,0.1,,,33,72.5,1002,1.8
2025-07-16 14:59:00,2025-07-16 14:00:00,83,83,,0.1,,,33,72.5,1002,1.8
2025-07-16 14:59:10,2025-07-16 14:00:00,83,83,,0.1,,,33,72.5,1002,1.8
2025-07-16 14:59:21,2025-07-16 14:00:00,83,83,,0.1,,,33,72.5,1002,1.8
2025-07-16 14:59:31,2025-07-16 14:00:00,83,83,,0.1,,,33,72.5,1002,1.8
2025-07-16 14:59:41,2025-07-16 14:00:00,83,83,,0.1,,,33,72.5,1002,1.8
2025-07-16 14:59:52,2025-07-16 14:00:00,83,83,,0.1,,,33,72.5,1002,1.8
2025-07-16 15:00:02,2025-07-16 14:00:00,83,83,,0.1,,,33,72.5,1002,1.8
2025-07-16 15:00:13,2025-07-16 14:00:00,83,83,,0.1,,,33,72.5,1002,1.8
2025-07-16 15:00:23,2025-07-16 14:00:00,83,83,,0.1,,,33,72.5,1002,1.8
2025-07-16 15:00:33,2025-07-16 14:00:00,83,83,,0.1,,,33,72.5,1002,1.8
2025-07-16 15:00:44,2025-07-16 14:00:00,83,83,,0.1,,,33,72.5,1002,1.8
2025-07-16 15:00:54,2025-07-16 14:00:00,83,83,,0.1,,,33,72.5,1002,1.8
2025-07-16 15:01:05,2025-07-16 14:00:00,83,83,,0.1,,,33,72.5,1002,1.8
2025-07-16 15:01:15,2025-07-16 14:00:00,83,83,,0.1,,,33,72.5,1002,1.8
2025-07-16 15:01:26,2025-07-16 14:00:00,83,83,,0.1,,,33,72.5,1002,1.8
2025-07-16 15:01:36,2025-07-16 14:00:00,83,83,,0.1,,,33,72.5,1002,1.8
2025-07-16 15:01:47,2025-07-16 14:00:00,83,83,,0.1,,,33,72.5,1002,1.8
2025-07-16 15:01:57,2025-07-16 14:00:00,83,83,,0.1,,,33,72.5,1002,1.8
2025-07-16 15:02:08,2025-07-16 14:00:00,83,83,,0.1,,,33,72.5,1002,1.8
2025-07-16 15:02:18,2025-07-16 14:00:00,83,83,,0.1,,,33,72.5,1002,1.8
2025-07-16 15:02:29,2025-07-16 14:00:00,83,83,,0.1,,,33,72.5,1002,1.8
2025-07-16 15:02:39,2025-07-16 14:00:00,83,83,,0.1,,,33,72.5,1002,1.8
2025-07-16 15:02:49,2025-07-16 14:00:00,83,83,,0.1,,,33,72.5,1002,1.8
2025-07-16 15:03:00,2025-07-16 14:00:00,83,83,,0.1,,,33,72.5,1002,1.8
2025-07-16 15:03:10,2025-07-16 14:00:00,83,83,,0.1,,,33,72.5,1002,1.8
2025-07-16 15:03:21,2025-07-16 14:00:00,83,83,,0.1,,,33,72.5,1002,1.8
2025-07-16 15:03:31,2025-07-16 14:00:00,83,83,,0.1,,,33,72.5,1002,1.8
2025-07-16 15:03:42,2025-07-16 14:00:00,83,83,,0.1,,,33,72.5,1002,1.8
2025-07-16 15:03:52,2025-07-16 14:00:00,83,83,,0.1,,,33,72.5,1002,1.8
2025-07-16 15:04:03,2025-07-16 14:00:00,83,83,,0.1,,,33,72.5,1002,1.8
2025-07-16 15:04:13,2025-07-16 14:00:00,83,83,,0.1,,,33,72.5,1002,1.8
2025-07-16 15:04:24,2025-07-16 14:00:00,83,83,,0.1,,,33,72.5,1002,1.8
2025-07-16 15:04:34,2025-07-16 14:00:00,83,83,,0.1,,,33,72.5,1002,1.8
2025-07-16 15:04:44,2025-07-16 14:00:00,83,83,,0.1,,,33,72.5,1002,1.8
2025-07-16 15:04:55,2025-07-16 14:00:00,83,83,,0.1,,,33,72.5,1002,1.8
2025-07-16 15:05:05,2025-07-16 14:00:00,83,83,,0.1,,,33,72.5,1002,1.8
2025-07-16 15:05:16,2025-07-16 14:00:00,83,83,,0.1,,,33,72.5,1002,1.8
2025-07-16 15:05:26,2025-07-16 14:00:00,83,83,,0.1,,,33,72.5,1002,1.8
2025-07-16 15:05:37,2025-07-16 14:00:00,83,83,,0.1,,,33,72.5,1002,1.8
2025-07-16 15:05:48,2025-07-16 14:00:00,83,83,,0.1,,,33,72.5,1002,1.8
2025-07-16 15:05:58,2025-07-16 14:00:00,83,83,,0.1,,,33,72.5,1002,1.8
2025-07-16 15:06:08,2025-07-16 14:00:00,83,83,,0.1,,,33,72.5,1002,1.8
2025-07-16 15:06:19,2025-07-16 14:00:00,83,83,,0.1,,,33,72.5,1002,1.8
2025-07-16 15:06:30,2025-07-16 14:00:00,83,83,,0.1,,,33,72.5,1002,1.8
2025-07-16 15:06:40,2025-07-16 14:00:00,83,83,,0.1,,,33,72.5,1002,1.8
2025-07-16 15:06:51,2025-07-16 14:00:00,83,83,,0.1,,,33,72.5,1002,1.8
2025-07-16 15:07:01,2025-07-16 14:00:00,83,83,,0.1,,,33,72.5,1002,1.8
2025-07-16 15:07:12,2025-07-16 14:00:00,83,83,,0.1,,,33,72.5,1002,1.8
2025-07-16 15:07:22,2025-07-16 14:00:00,83,83,,0.1,,,33,72.5,1002,1.8
2025-07-16 15:07:32,2025-07-16 14:00:00,83,83,,0.1,,,33,72.5,1002,1.8
2025-07-16 15:07:43,2025-07-16 14:00:00,83,83,,0.1,,,33,72.5,1002,1.8
2025-07-16 15:07:53,2025-07-16 14:00:00,83,83,,0.1,,,33,72.5,1002,1.8
2025-07-16 15:08:04,2025-07-16 14:00:00,83,83,,0.1,,,33,72.5,1002,1.8
2025-07-16 15:08:14,2025-07-16 14:00:00,83,83,,0.1,,,33,72.5,1002,1.8
2025-07-16 15:08:25,2025-07-16 14:00:00,83,83,,0.1,,,33,72.5,1002,1.8
2025-07-16 15:08:35,2025-07-16 14:00:00,83,83,,0.1,,,33,72.5,1002,1.8
2025-07-16 15:08:46,2025-07-16 14:00:00,83,83,,0.1,,,33,72.5,1002,1.8
2025-07-16 15:08:56,2025-07-16 14:00:00,83,83,,0.1,,,33,72.5,1002,1.8
2025-07-16 15:09:07,2025-07-16 14:00:00,83,83,,0.1,,,33,72.5,1002,1.8
2025-07-16 15:09:17,2025-07-16 14:00:00,83,83,,0.1,,,33,72.5,1002,1.8
2025-07-16 15:09:27,2025-07-16 14:00:00,83,83,,0.1,,,33,72.5,1002,1.8
2025-07-16 15:09:38,2025-07-16 14:00:00,83,83,,0.1,,,33,72.5,1002,1.8
2025-07-16 15:09:48,2025-07-16 14:00:00,83,83,,0.1,,,33,72.5,1002,1.8
2025-07-16 15:09:59,2025-07-16 14:00:00,83,83,,0.1,,,33,72.5,1002,1.8
2025-07-16 15:10:09,2025-07-16 14:00:00,83,83,,0.1,,,33,72.5,1002,1.8
2025-07-16 15:10:20,2025-07-16 14:00:00,83,83,,0.1,,,33,72.5,1002,1.8
2025-07-16 15:10:30,2025-07-16 14:00:00,83,83,,0.1,,,33,72.5,1002,1.8
2025-07-16 15:10:41,2025-07-16 14:00:00,83,83,,0.1,,,33,72.5,1002,1.8
2025-07-16 15:10:51,2025-07-16 14:00:00,83,83,,0.1,,,33,72.5,1002,1.8
2025-07-16 15:11:01,2025-07-16 14:00:00,83,83,,0.1,,,33,72.5,1002,1.8
2025-07-16 15:11:12,2025-07-16 14:00:00,83,83,,0.1,,,33,72.5,1002,1.8
2025-07-16 15:11:22,2025-07-16 14:00:00,83,83,,0.1,,,33,72.5,1002,1.8
2025-07-16 15:11:33,2025-07-16 14:00:00,83,83,,0.1,,,33,72.5,1002,1.8
2025-07-16 15:11:43,2025-07-16 14:00:00,83,83,,0.1,,,33,72.5,1002,1.8
2025-07-16 15:11:54,2025-07-16 14:00:00,83,83,,0.1,,,33,72.5,1002,1.8
2025-07-16 15:12:04,2025-07-16 14:00:00,83,83,,0.1,,,33,72.5,1002,1.8
2025-07-16 15:12:15,2025-07-16 14:00:00,83,83,,0.1,,,33,72.5,1002,1.8
2025-07-16 15:12:25,2025-07-16 14:00:00,83,83,,0.1,,,33,72.5,1002,1.8
2025-07-16 15:12:36,2025-07-16 14:00:00,83,83,,0.1,,,33,72.5,1002,1.8
2025-07-16 15:12:46,2025-07-16 14:00:00,83,83,,0.1,,,33,72.5,1002,1.8
2025-07-16 15:12:56,2025-07-16 14:00:00,83,83,,0.1,,,33,72.5,1002,1.8
2025-07-16 15:13:07,2025-07-16 14:00:00,83,83,,0.1,,,33,72.5,1002,1.8
2025-07-16 15:13:17,2025-07-16 14:00:00,83,83,,0.1,,,33,72.5,1002,1.8
2025-07-16 15:13:28,2025-07-16 14:00:00,83,83,,0.1,,,33,72.5,1002,1.8
2025-07-16 15:13:39,2025-07-16 14:00:00,83,83,,0.1,,,33,72.5,1002,1.8
2025-07-16 15:13:52,2025-07-16 14:00:00,83,83,,0.1,,,33,72.5,1002,1.8
2025-07-16 15:14:02,2025-07-16 14:00:00,83,83,,0.1,,,33,72.5,1002,1.8
2025-07-16 15:14:13,2025-07-16 14:00:00,83,83,,0.1,,,33,72.5,1002,1.8
2025-07-16 15:14:23,2025-07-16 14:00:00,83,83,,0.1,,,33,72.5,1002,1.8
2025-07-16 15:14:34,2025-07-16 14:00:00,83,83,,0.1,,,33,72.5,1002,1.8
2025-07-16 15:14:44,2025-07-16 14:00:00,83,83,,0.1,,,33,72.5,1002,1.8
2025-07-16 15:14:54,2025-07-16 14:00:00,83,83,,0.1,,,33,72.5,1002,1.8
2025-07-16 15:15:05,2025-07-16 14:00:00,83,83,,0.1,,,33,72.5,1002,1.8
2025-07-16 15:15:15,2025-07-16 14:00:00,83,83,,0.1,,,33,72.5,1002,1.8
2025-07-16 15:15:25,2025-07-16 14:00:00,83,83,,0.1,,,33,72.5,1002,1.8
2025-07-16 15:15:36,2025-07-16 14:00:00,83,83,,0.1,,,33,72.5,1002,1.8
2025-07-16 15:15:46,2025-07-16 14:00:00,83,83,,0.1,,,33,72.5,1002,1.8
2025-07-16 15:15:57,2025-07-16 14:00:00,83,83,,0.1,,,33,72.5,1002,1.8
2025-07-16 15:16:07,2025-07-16 14:00:00,83,83,,0.1,,,33,72.5,1002,1.8
2025-07-16 15:16:18,2025-07-16 14:00:00,83,83,,0.1,,,33,72.5,1002,1.8
2025-07-16 15:16:28,2025-07-16 14:00:00,83,83,,0.1,,,33,72.5,1002,1.8
2025-07-16 15:16:39,2025-07-16 14:00:00,83,83,,0.1,,,33,72.5,1002,1.8
2025-07-16 15:16:49,2025-07-16 14:00:00,83,83,,0.1,,,33,72.5,1002,1.8
2025-07-16 15:17:00,2025-07-16 14:00:00,83,83,,0.1,,,33,72.5,1002,1.8
2025-07-16 15:17:11,2025-07-16 14:00:00,83,83,,0.1,,,33,72.5,1002,1.8
2025-07-16 15:17:21,2025-07-16 15:00:00,65,65,,0.1,,,34,71,1001,2
2025-07-16 15:17:31,2025-07-16 15:00:00,65,65,,0.1,,,34,71,1001,2
2025-07-16 15:17:42,2025-07-16 15:00:00,65,65,,0.1,,,34,71,1001,2
2025-07-16 15:17:52,2025-07-16 15:00:00,65,65,,0.1,,,34,71,1001,2
2025-07-16 15:18:03,2025-07-16 15:00:00,65,65,,0.1,,,34,71,1001,2
2025-07-16 15:18:13,2025-07-16 15:00:00,65,65,,0.1,,,34,71,1001,2
2025-07-16 15:18:24,2025-07-16 15:00:00,65,65,,0.1,,,34,71,1001,2
2025-07-16 15:18:34,2025-07-16 15:00:00,65,65,,0.1,,,34,71,1001,2
2025-07-16 15:18:45,2025-07-16 15:00:00,65,65,,0.1,,,34,71,1001,2
2025-07-16 15:18:55,2025-07-16 15:00:00,65,65,,0.1,,,34,71,1001,2
2025-07-16 15:19:05,2025-07-16 15:00:00,65,65,,0.1,,,34,71,1001,2
2025-07-16 15:19:16,2025-07-16 15:00:00,65,65,,0.1,,,34,71,1001,2
2025-07-16 15:19:27,2025-07-16 15:00:00,65,65,,0.1,,,34,71,1001,2
2025-07-16 15:19:37,2025-07-16 15:00:00,65,65,,0.1,,,34,71,1001,2
2025-07-16 15:19:48,2025-07-16 15:00:00,65,65,,0.1,,,34,71,1001,2
2025-07-16 15:19:58,2025-07-16 15:00:00,65,65,,0.1,,,34,71,1001,2
2025-07-16 15:20:09,2025-07-16 15:00:00,65,65,,0.1,,,34,71,1001,2
2025-07-16 15:20:19,2025-07-16 15:00:00,65,65,,0.1,,,34,71,1001,2
2025-07-16 15:20:29,2025-07-16 15:00:00,65,65,,0.1,,,34,71,1001,2
2025-07-16 15:20:40,2025-07-16 15:00:00,65,65,,0.1,,,34,71,1001,2
2025-07-16 15:20:50,2025-07-16 15:00:00,65,65,,0.1,,,34,71,1001,2
2025-07-16 15:21:01,2025-07-16 15:00:00,65,65,,0.1,,,34,71,1001,2
2025-07-16 15:21:11,2025-07-16 15:00:00,65,65,,0.1,,,34,71,1001,2
2025-07-16 15:21:22,2025-07-16 15:00:00,65,65,,0.1,,,34,71,1001,2
2025-07-16 15:21:33,2025-07-16 15:00:00,65,65,,0.1,,,34,71,1001,2
2025-07-16 15:21:43,2025-07-16 15:00:00,65,65,,0.1,,,34,71,1001,2
2025-07-16 15:21:53,2025-07-16 15:00:00,65,65,,0.1,,,34,71,1001,2
2025-07-16 15:22:04,2025-07-16 15:00:00,65,65,,0.1,,,34,71,1001,2
2025-07-16 15:22:15,2025-07-16 15:00:00,65,65,,0.1,,,34,71,1001,2
2025-07-16 15:22:25,2025-07-16 15:00:00,65,65,,0.1,,,34,71,1001,2
2025-07-16 15:22:36,2025-07-16 15:00:00,65,65,,0.1,,,34,71,1001,2
2025-07-16 15:22:46,2025-07-16 15:00:00,65,65,,0.1,,,34,71,1001,2
2025-07-16 15:22:57,2025-07-16 15:00:00,65,65,,0.1,,,34,71,1001,2
2025-07-16 15:23:09,2025-07-16 15:00:00,65,65,,0.1,,,34,71,1001,2
2025-07-16 15:23:20,2025-07-16 15:00:00,65,65,,0.1,,,34,71,1001,2
2025-07-16 15:23:31,2025-07-16 15:00:00,65,65,,0.1,,,34,71,1001,2
2025-07-16 15:23:42,2025-07-16 15:00:00,65,65,,0.1,,,34,71,1001,2
2025-07-16 15:23:53,2025-07-16 15:00:00,65,65,,0.1,,,34,71,1001,2
2025-07-16 15:24:04,2025-07-16 15:00:00,65,65,,0.1,,,34,71,1001,2
2025-07-16 15:24:15,2025-07-16 15:00:00,65,65,,0.1,,,34,71,1001,2
2025-07-16 15:24:26,2025-07-16 15:00:00,65,65,,0.1,,,34,71,1001,2
2025-07-16 15:24:37,2025-07-16 15:00:00,65,65,,0.1,,,34,71,1001,2
2025-07-16 15:24:48,2025-07-16 15:00:00,65,65,,0.1,,,34,71,1001,2
2025-07-16 15:24:59,2025-07-16 15:00:00,65,65,,0.1,,,34,71,1001,2
2025-07-16 15:25:11,2025-07-16 15:00:00,65,65,,0.1,,,34,71,1001,2
2025-07-16 15:25:22,2025-07-16 15:00:00,65,65,,0.1,,,34,71,1001,2
2025-07-16 15:25:33,2025-07-16 15:00:00,65,65,,0.1,,,34,71,1001,2
2025-07-16 15:25:43,2025-07-16 15:00:00,65,65,,0.1,,,34,71,1001,2
2025-07-16 15:25:54,2025-07-16 15:00:00,65,65,,0.1,,,34,71,1001,2
2025-07-16 15:26:04,2025-07-16 15:00:00,65,65,,0.1,,,34,71,1001,2
2025-07-16 15:26:15,2025-07-16 15:00:00,65,65,,0.1,,,34,71,1001,2
2025-07-16 15:26:26,2025-07-16 15:00:00,65,65,,0.1,,,34,71,1001,2
2025-07-16 15:26:36,2025-07-16 15:00:00,65,65,,0.1,,,34,71,1001,2
2025-07-16 15:26:47,2025-07-16 15:00:00,65,65,,0.1,,,34,71,1001,2
2025-07-16 15:26:57,2025-07-16 15:00:00,65,65,,0.1,,,34,71,1001,2
2025-07-16 15:27:08,2025-07-16 15:00:00,65,65,,0.1,,,34,71,1001,2
2025-07-16 15:27:18,2025-07-16 15:00:00,65,65,,0.1,,,34,71,1001,2
2025-07-16 15:27:29,2025-07-16 15:00:00,65,65,,0.1,,,34,71,1001,2
2025-07-16 15:27:39,2025-07-16 15:00:00,65,65,,0.1,,,34,71,1001,2
2025-07-16 15:27:50,2025-07-16 15:00:00,65,65,,0.1,,,34,71,1001,2
2025-07-16 15:28:00,2025-07-16 15:00:00,65,65,,0.1,,,34,71,1001,2
2025-07-16 15:28:11,2025-07-16 15:00:00,65,65,,0.1,,,34,71,1001,2
2025-07-16 15:28:21,2025-07-16 15:00:00,65,65,,0.1,,,34,71,1001,2
2025-07-16 15:28:32,2025-07-16 15:00:00,65,65,,0.1,,,34,71,1001,2
2025-07-16 15:28:42,2025-07-16 15:00:00,65,65,,0.1,,,34,71,1001,2
2025-07-16 15:28:53,2025-07-16 15:00:00,65,65,,0.1,,,34,71,1001,2
2025-07-16 15:29:03,2025-07-16 15:00:00,65,65,,0.1,,,34,71,1001,2
2025-07-16 15:29:14,2025-07-16 15:00:00,65,65,,0.1,,,34,71,1001,2
2025-07-16 15:29:24,2025-07-16 15:00:00,65,65,,0.1,,,34,71,1001,2
2025-07-16 15:29:34,2025-07-16 15:00:00,65,65,,0.1,,,34,71,1001,2
2025-07-16 15:29:45,2025-07-16 15:00:00,65,65,,0.1,,,34,71,1001,2
2025-07-16 15:29:55,2025-07-16 15:00:00,65,65,,0.1,,,34,71,1001,2
2025-07-16 15:30:06,2025-07-16 15:00:00,65,65,,0.1,,,34,71,1001,2
2025-07-16 15:30:16,2025-07-16 15:00:00,65,65,,0.1,,,34,71,1001,2
2025-07-16 15:30:26,2025-07-16 15:00:00,65,65,,0.1,,,34,71,1001,2
2025-07-16 15:30:37,2025-07-16 15:00:00,65,65,,0.1,,,34,71,1001,2
2025-07-16 15:30:47,2025-07-16 15:00:00,65,65,,0.1,,,34,71,1001,2
2025-07-16 15:30:58,2025-07-16 15:00:00,65,65,,0.1,,,34,71,1001,2
2025-07-16 15:31:08,2025-07-16 15:00:00,65,65,,0.1,,,34,71,1001,2
2025-07-16 15:31:19,2025-07-16 15:00:00,65,65,,0.1,,,34,71,1001,2
2025-07-16 15:31:29,2025-07-16 15:00:00,65,65,,0.1,,,34,71,1001,2
2025-07-16 15:31:40,2025-07-16 15:00:00,65,65,,0.1,,,34,71,1001,2
2025-07-16 15:31:50,2025-07-16 15:00:00,65,65,,0.1,,,34,71,1001,2
2025-07-16 15:32:01,2025-07-16 15:00:00,65,65,,0.1,,,34,71,1001,2
2025-07-16 15:32:11,2025-07-16 15:00:00,65,65,,0.1,,,34,71,1001,2
2025-07-16 15:32:22,2025-07-16 15:00:00,65,65,,0.1,,,34,71,1001,2
2025-07-16 15:32:32,2025-07-16 15:00:00,65,65,,0.1,,,34,71,1001,2
2025-07-16 15:32:43,2025-07-16 15:00:00,65,65,,0.1,,,34,71,1001,2
2025-07-16 15:32:53,2025-07-16 15:00:00,65,65,,0.1,,,34,71,1001,2
2025-07-16 15:33:04,2025-07-16 15:00:00,65,65,,0.1,,,34,71,1001,2
2025-07-16 15:33:14,2025-07-16 15:00:00,65,65,,0.1,,,34,71,1001,2
2025-07-16 15:33:25,2025-07-16 15:00:00,65,65,,0.1,,,34,71,1001,2
2025-07-16 15:33:35,2025-07-16 15:00:00,65,65,,0.1,,,34,71,1001,2
2025-07-16 15:33:45,2025-07-16 15:00:00,65,65,,0.1,,,34,71,1001,2
2025-07-16 15:33:56,2025-07-16 15:00:00,65,65,,0.1,,,34,71,1001,2
2025-07-16 15:34:06,2025-07-16 15:00:00,65,65,,0.1,,,34,71,1001,2
2025-07-16 15:34:17,2025-07-16 15:00:00,65,65,,0.1,,,34,71,1001,2
2025-07-16 15:34:27,2025-07-16 15:00:00,65,65,,0.1,,,34,71,1001,2
2025-07-16 15:34:37,2025-07-16 15:00:00,65,65,,0.1,,,34,71,1001,2
2025-07-16 15:34:48,2025-07-16 15:00:00,65,65,,0.1,,,34,71,1001,2
2025-07-16 15:34:58,2025-07-16 15:00:00,65,65,,0.1,,,34,71,1001,2
2025-07-16 15:35:09,2025-07-16 15:00:00,65,65,,0.1,,,34,71,1001,2
2025-07-16 15:35:19,2025-07-16 15:00:00,65,65,,0.1,,,34,71,1001,2
2025-07-16 15:35:30,2025-07-16 15:00:00,65,65,,0.1,,,34,71,1001,2
2025-07-16 15:35:40,2025-07-16 15:00:00,65,65,,0.1,,,34,71,1001,2
2025-07-16 15:35:51,2025-07-16 15:00:00,65,65,,0.1,,,34,71,1001,2
2025-07-16 15:36:01,2025-07-16 15:00:00,65,65,,0.1,,,34,71,1001,2
2025-07-16 15:36:12,2025-07-16 15:00:00,65,65,,0.1,,,34,71,1001,2
2025-07-16 15:36:22,2025-07-16 15:00:00,65,65,,0.1,,,34,71,1001,2
2025-07-16 15:36:33,2025-07-16 15:00:00,65,65,,0.1,,,34,71,1001,2
2025-07-16 15:36:43,2025-07-16 15:00:00,65,65,,0.1,,,34,71,1001,2
2025-07-16 15:36:54,2025-07-16 15:00:00,65,65,,0.1,,,34,71,1001,2
2025-07-16 15:37:04,2025-07-16 15:00:00,65,65,,0.1,,,34,71,1001,2
2025-07-16 15:37:15,2025-07-16 15:00:00,65,65,,0.1,,,34,71,1001,2
2025-07-16 15:37:25,2025-07-16 15:00:00,65,65,,0.1,,,34,71,1001,2
2025-07-16 15:37:36,2025-07-16 15:00:00,65,65,,0.1,,,34,71,1001,2
2025-07-16 15:37:46,2025-07-16 15:00:00,65,65,,0.1,,,34,71,1001,2
2025-07-16 15:37:56,2025-07-16 15:00:00,65,65,,0.1,,,34,71,1001,2
2025-07-16 15:38:07,2025-07-16 15:00:00,65,65,,0.1,,,34,71,1001,2
2025-07-16 15:38:18,2025-07-16 15:00:00,65,65,,0.1,,,34,71,1001,2
2025-07-16 15:38:28,2025-07-16 15:00:00,65,65,,0.1,,,34,71,1001,2
2025-07-16 15:38:39,2025-07-16 15:00:00,65,65,,0.1,,,34,71,1001,2
2025-07-16 15:38:49,2025-07-16 15:00:00,65,65,,0.1,,,34,71,1001,2
2025-07-16 15:39:00,2025-07-16 15:00:00,65,65,,0.1,,,34,71,1001,2
2025-07-16 15:39:10,2025-07-16 15:00:00,65,65,,0.1,,,34,71,1001,2
2025-07-16 15:39:21,2025-07-16 15:00:00,65,65,,0.1,,,34,71,1001,2
2025-07-16 15:39:31,2025-07-16 15:00:00,65,65,,0.1,,,34,71,1001,2
2025-07-16 15:39:42,2025-07-16 15:00:00,65,65,,0.1,,,34,71,1001,2
2025-07-16 15:39:52,2025-07-16 15:00:00,65,65,,0.1,,,34,71,1001,2
2025-07-16 15:40:03,2025-07-16 15:00:00,65,65,,0.1,,,34,71,1001,2
2025-07-16 15:40:13,2025-07-16 15:00:00,65,65,,0.1,,,34,71,1001,2
2025-07-16 15:40:24,2025-07-16 15:00:00,65,65,,0.1,,,34,71,1001,2
2025-07-16 15:40:34,2025-07-16 15:00:00,65,65,,0.1,,,34,71,1001,2
2025-07-16 15:40:44,2025-07-16 15:00:00,65,65,,0.1,,,34,71,1001,2
2025-07-16 15:40:55,2025-07-16 15:00:00,65,65,,0.1,,,34,71,1001,2
2025-07-16 15:41:06,2025-07-16 15:00:00,65,65,,0.1,,,34,71,1001,2
2025-07-16 15:41:16,2025-07-16 15:00:00,65,65,,0.1,,,34,71,1001,2
2025-07-16 15:41:26,2025-07-16 15:00:00,65,65,,0.1,,,34,71,1001,2
2025-07-16 15:41:37,2025-07-16 15:00:00,65,65,,0.1,,,34,71,1001,2
2025-07-16 15:41:47,2025-07-16 15:00:00,65,65,,0.1,,,34,71,1001,2
2025-07-16 15:41:58,2025-07-16 15:00:00,65,65,,0.1,,,34,71,1001,2
2025-07-16 15:42:08,2025-07-16 15:00:00,65,65,,0.1,,,34,71,1001,2
2025-07-16 15:42:19,2025-07-16 15:00:00,65,65,,0.1,,,34,71,1001,2
2025-07-16 15:42:29,2025-07-16 15:00:00,65,65,,0.1,,,34,71,1001,2
2025-07-16 15:42:40,2025-07-16 15:00:00,65,65,,0.1,,,34,71,1001,2
2025-07-16 15:42:50,2025-07-16 15:00:00,65,65,,0.1,,,34,71,1001,2
2025-07-16 15:43:01,2025-07-16 15:00:00,65,65,,0.1,,,34,71,1001,2
2025-07-16 15:43:11,2025-07-16 15:00:00,65,65,,0.1,,,34,71,1001,2
2025-07-16 15:43:22,2025-07-16 15:00:00,65,65,,0.1,,,34,71,1001,2
2025-07-16 15:43:32,2025-07-16 15:00:00,65,65,,0.1,,,34,71,1001,2
2025-07-16 15:43:43,2025-07-16 15:00:00,65,65,,0.1,,,34,71,1001,2
2025-07-16 15:43:53,2025-07-16 15:00:00,65,65,,0.1,,,34,71,1001,2
2025-07-16 15:44:04,2025-07-16 15:00:00,65,65,,0.1,,,34,71,1001,2
2025-07-16 15:44:14,2025-07-16 15:00:00,65,65,,0.1,,,34,71,1001,2
2025-07-16 15:44:24,2025-07-16 15:00:00,65,65,,0.1,,,34,71,1001,2
2025-07-16 15:44:35,2025-07-16 15:00:00,65,65,,0.1,,,34,71,1001,2
2025-07-16 15:44:45,2025-07-16 15:00:00,65,65,,0.1,,,34,71,1001,2
2025-07-16 15:44:56,2025-07-16 15:00:00,65,65,,0.1,,,34,71,1001,2
2025-07-16 15:45:07,2025-07-16 15:00:00,65,65,,0.1,,,34,71,1001,2
2025-07-16 15:45:17,2025-07-16 15:00:00,65,65,,0.1,,,34,71,1001,2
2025-07-16 15:45:27,2025-07-16 15:00:00,65,65,,0.1,,,34,71,1001,2
2025-07-16 15:45:38,2025-07-16 15:00:00,65,65,,0.1,,,34,71,1001,2
2025-07-16 15:45:48,2025-07-16 15:00:00,65,65,,0.1,,,34,71,1001,2
2025-07-16 15:45:59,2025-07-16 15:00:00,65,65,,0.1,,,34,71,1001,2
2025-07-16 15:46:09,2025-07-16 15:00:00,65,65,,0.1,,,34,71,1001,2
2025-07-16 15:46:20,2025-07-16 15:00:00,65,65,,0.1,,,34,71,1001,2
2025-07-16 15:46:30,2025-07-16 15:00:00,65,65,,0.1,,,34,71,1001,2
2025-07-16 15:46:41,2025-07-16 15:00:00,65,65,,0.1,,,34,71,1001,2
2025-07-16 15:46:51,2025-07-16 15:00:00,65,65,,0.1,,,34,71,1001,2
2025-07-16 15:47:02,2025-07-16 15:00:00,65,65,,0.1,,,34,71,1001,2
2025-07-16 15:47:12,2025-07-16 15:00:00,65,65,,0.1,,,34,71,1001,2
2025-07-16 15:47:23,2025-07-16 15:00:00,65,65,,0.1,,,34,71,1001,2
2025-07-16 15:47:33,2025-07-16 15:00:00,65,65,,0.1,,,34,71,1001,2
2025-07-16 15:47:44,2025-07-16 15:00:00,65,65,,0.1,,,34,71,1001,2
2025-07-16 15:47:54,2025-07-16 15:00:00,65,65,,0.1,,,34,71,1001,2
2025-07-16 15:48:05,2025-07-16 15:00:00,65,65,,0.1,,,34,71,1001,2
2025-07-16 15:48:15,2025-07-16 15:00:00,65,65,,0.1,,,34,71,1001,2
2025-07-16 15:48:25,2025-07-16 15:00:00,65,65,,0.1,,,34,71,1001,2
2025-07-16 15:48:36,2025-07-16 15:00:00,65,65,,0.1,,,34,71,1001,2
2025-07-16 15:48:46,2025-07-16 15:00:00,65,65,,0.1,,,34,71,1001,2
2025-07-16 15:48:57,2025-07-16 15:00:00,65,65,,0.1,,,34,71,1001,2
2025-07-16 15:49:07,2025-07-16 15:00:00,65,65,,0.1,,,34,71,1001,2
2025-07-16 15:49:18,2025-07-16 15:00:00,65,65,,0.1,,,34,71,1001,2
2025-07-16 15:49:28,2025-07-16 15:00:00,65,65,,0.1,,,34,71,1001,2
2025-07-16 15:49:39,2025-07-16 15:00:00,65,65,,0.1,,,34,71,1001,2
2025-07-16 15:49:49,2025-07-16 15:00:00,65,65,,0.1,,,34,71,1001,2
2025-07-16 15:50:00,2025-07-16 15:00:00,65,65,,0.1,,,34,71,1001,2
2025-07-16 15:50:10,2025-07-16 15:00:00,65,65,,0.1,,,34,71,1001,2
2025-07-16 15:50:21,2025-07-16 15:00:00,65,65,,0.1,,,34,71,1001,2
2025-07-16 15:50:31,2025-07-16 15:00:00,65,65,,0.1,,,34,71,1001,2
2025-07-16 15:50:41,2025-07-16 15:00:00,65,65,,0.1,,,34,71,1001,2
2025-07-16 15:50:52,2025-07-16 15:00:00,65,65,,0.1,,,34,71,1001,2
2025-07-16 15:51:02,2025-07-16 15:00:00,65,65,,0.1,,,34,71,1001,2
2025-07-16 15:51:13,2025-07-16 15:00:00,65,65,,0.1,,,34,71,1001,2
2025-07-16 15:51:23,2025-07-16 15:00:00,65,65,,0.1,,,34,71,1001,2
2025-07-16 15:51:34,2025-07-16 15:00:00,65,65,,0.1,,,34,71,1001,2
2025-07-16 15:51:44,2025-07-16 15:00:00,65,65,,0.1,,,34,71,1001,2
2025-07-16 15:51:55,2025-07-16 15:00:00,65,65,,0.1,,,34,71,1001,2
2025-07-16 15:52:05,2025-07-16 15:00:00,65,65,,0.1,,,34,71,1001,2
2025-07-16 15:52:16,2025-07-16 15:00:00,65,65,,0.1,,,34,71,1001,2
2025-07-16 15:52:26,2025-07-16 15:00:00,65,65,,0.1,,,34,71,1001,2
2025-07-16 15:52:37,2025-07-16 15:00:00,65,65,,0.1,,,34,71,1001,2
2025-07-16 15:52:47,2025-07-16 15:00:00,65,65,,0.1,,,34,71,1001,2
2025-07-16 15:52:58,2025-07-16 15:00:00,65,65,,0.1,,,34,71,1001,2
2025-07-16 15:53:08,2025-07-16 15:00:00,65,65,,0.1,,,34,71,1001,2
2025-07-16 15:53:19,2025-07-16 15:00:00,65,65,,0.1,,,34,71,1001,2
2025-07-16 15:53:29,2025-07-16 15:00:00,65,65,,0.1,,,34,71,1001,2
2025-07-16 15:53:39,2025-07-16 15:00:00,65,65,,0.1,,,34,71,1001,2
2025-07-16 15:53:50,2025-07-16 15:00:00,65,65,,0.1,,,34,71,1001,2
2025-07-16 15:54:01,2025-07-16 15:00:00,65,65,,0.1,,,34,71,1001,2
2025-07-16 15:54:11,2025-07-16 15:00:00,65,65,,0.1,,,34,71,1001,2
2025-07-16 15:54:22,2025-07-16 15:00:00,65,65,,0.1,,,34,71,1001,2
2025-07-16 15:54:32,2025-07-16 15:00:00,65,65,,0.1,,,34,71,1001,2
2025-07-16 15:54:42,2025-07-16 15:00:00,65,65,,0.1,,,34,71,1001,2
2025-07-16 15:54:53,2025-07-16 15:00:00,65,65,,0.1,,,34,71,1001,2
2025-07-16 15:55:03,2025-07-16 15:00:00,65,65,,0.1,,,34,71,1001,2
2025-07-16 15:55:14,2025-07-16 15:00:00,65,65,,0.1,,,34,71,1001,2
2025-07-16 15:55:24,2025-07-16 15:00:00,65,65,,0.1,,,34,71,1001,2
2025-07-16 15:55:35,2025-07-16 15:00:00,65,65,,0.1,,,34,71,1001,2
2025-07-16 15:55:45,2025-07-16 15:00:00,65,65,,0.1,,,34,71,1001,2
2025-07-16 15:55:56,2025-07-16 15:00:00,65,65,,0.1,,,34,71,1001,2
2025-07-16 15:56:06,2025-07-16 15:00:00,65,65,,0.1,,,34,71,1001,2
2025-07-16 15:56:17,2025-07-16 15:00:00,65,65,,0.1,,,34,71,1001,2
2025-07-16 15:56:27,2025-07-16 15:00:00,65,65,,0.1,,,34,71,1001,2
2025-07-16 15:56:37,2025-07-16 15:00:00,65,65,,0.1,,,34,71,1001,2
2025-07-16 15:56:48,2025-07-16 15:00:00,65,65,,0.1,,,34,71,1001,2
2025-07-16 15:56:58,2025-07-16 15:00:00,65,65,,0.1,,,34,71,1001,2
2025-07-16 15:57:09,2025-07-16 15:00:00,65,65,,0.1,,,34,71,1001,2
2025-07-16 15:57:19,2025-07-16 15:00:00,65,65,,0.1,,,34,71,1001,2
2025-07-16 15:57:30,2025-07-16 15:00:00,65,65,,0.1,,,34,71,1001,2
2025-07-16 15:57:40,2025-07-16 15:00:00,65,65,,0.1,,,34,71,1001,2
2025-07-16 15:57:51,2025-07-16 15:00:00,65,65,,0.1,,,34,71,1001,2
2025-07-16 15:58:01,2025-07-16 15:00:00,65,65,,0.1,,,34,71,1001,2
2025-07-16 15:58:11,2025-07-16 15:00:00,65,65,,0.1,,,34,71,1001,2
2025-07-16 15:58:22,2025-07-16 15:00:00,65,65,,0.1,,,34,71,1001,2
2025-07-16 15:58:32,2025-07-16 15:00:00,65,65,,0.1,,,34,71,1001,2
2025-07-16 15:58:43,2025-07-16 15:00:00,65,65,,0.1,,,34,71,1001,2
2025-07-16 15:58:54,2025-07-16 15:00:00,65,65,,0.1,,,34,71,1001,2
2025-07-16 15:59:04,2025-07-16 15:00:00,65,65,,0.1,,,34,71,1001,2
2025-07-16 15:59:15,2025-07-16 15:00:00,65,65,,0.1,,,34,71,1001,2
2025-07-16 15:59:25,2025-07-16 15:00:00,65,65,,0.1,,,34,71,1001,2
2025-07-16 15:59:35,2025-07-16 15:00:00,65,65,,0.1,,,34,71,1001,2
2025-07-16 15:59:46,2025-07-16 15:00:00,65,65,,0.1,,,34,71,1001,2
2025-07-16 15:59:56,2025-07-16 15:00:00,65,65,,0.1,,,34,71,1001,2
2025-07-16 16:00:07,2025-07-16 15:00:00,65,65,,0.1,,,34,71,1001,2
2025-07-16 16:00:17,2025-07-16 15:00:00,65,65,,0.1,,,34,71,1001,2
2025-07-16 16:00:28,2025-07-16 15:00:00,65,65,,0.1,,,34,71,1001,2
2025-07-16 16:00:38,2025-07-16 15:00:00,65,65,,0.1,,,34,71,1001,2
2025-07-16 16:00:49,2025-07-16 15:00:00,65,65,,0.1,,,34,71,1001,2
2025-07-16 16:00:59,2025-07-16 15:00:00,65,65,,0.1,,,34,71,1001,2
2025-07-16 16:01:10,2025-07-16 15:00:00,65,65,,0.1,,,34,71,1001,2
2025-07-16 16:01:20,2025-07-16 15:00:00,65,65,,0.1,,,34,71,1001,2
2025-07-16 16:01:30,2025-07-16 15:00:00,65,65,,0.1,,,34,71,1001,2
2025-07-16 16:01:41,2025-07-16 15:00:00,65,65,,0.1,,,34,71,1001,2
2025-07-16 16:01:51,2025-07-16 15:00:00,65,65,,0.1,,,34,71,1001,2
2025-07-16 16:02:02,2025-07-16 15:00:00,65,65,,0.1,,,34,71,1001,2
2025-07-16 16:02:12,2025-07-16 15:00:00,65,65,,0.1,,,34,71,1001,2
2025-07-16 16:02:23,2025-07-16 15:00:00,65,65,,0.1,,,34,71,1001,2
2025-07-16 16:02:33,2025-07-16 15:00:00,65,65,,0.1,,,34,71,1001,2
2025-07-16 16:02:44,2025-07-16 15:00:00,65,65,,0.1,,,34,71,1001,2
2025-07-16 16:02:54,2025-07-16 15:00:00,65,65,,0.1,,,34,71,1001,2
2025-07-16 16:03:05,2025-07-16 15:00:00,65,65,,0.1,,,34,71,1001,2
2025-07-16 16:03:15,2025-07-16 15:00:00,65,65,,0.1,,,34,71,1001,2
2025-07-16 16:03:26,2025-07-16 15:00:00,65,65,,0.1,,,34,71,1001,2
2025-07-16 16:03:36,2025-07-16 15:00:00,65,65,,0.1,,,34,71,1001,2
2025-07-16 16:03:46,2025-07-16 15:00:00,65,65,,0.1,,,34,71,1001,2
2025-07-16 16:03:57,2025-07-16 15:00:00,65,65,,0.1,,,34,71,1001,2
2025-07-16 16:04:08,2025-07-16 15:00:00,65,65,,0.1,,,34,71,1001,2
2025-07-16 16:04:18,2025-07-16 15:00:00,65,65,,0.1,,,34,71,1001,2
2025-07-16 16:04:28,2025-07-16 15:00:00,65,65,,0.1,,,34,71,1001,2
2025-07-16 16:04:39,2025-07-16 15:00:00,65,65,,0.1,,,34,71,1001,2
2025-07-16 16:04:49,2025-07-16 15:00:00,65,65,,0.1,,,34,71,1001,2
2025-07-16 16:05:00,2025-07-16 15:00:00,65,65,,0.1,,,34,71,1001,2
2025-07-16 16:05:11,2025-07-16 15:00:00,65,65,,0.1,,,34,71,1001,2
2025-07-16 16:05:21,2025-07-16 15:00:00,65,65,,0.1,,,34,71,1001,2
2025-07-16 16:05:32,2025-07-16 15:00:00,65,65,,0.1,,,34,71,1001,2
2025-07-16 16:05:42,2025-07-16 15:00:00,65,65,,0.1,,,34,71,1001,2
2025-07-16 16:05:53,2025-07-16 15:00:00,65,65,,0.1,,,34,71,1001,2
2025-07-16 16:06:03,2025-07-16 15:00:00,65,65,,0.1,,,34,71,1001,2
2025-07-16 16:06:14,2025-07-16 15:00:00,65,65,,0.1,,,34,71,1001,2
2025-07-16 16:06:24,2025-07-16 15:00:00,65,65,,0.1,,,34,71,1001,2
2025-07-16 16:06:35,2025-07-16 15:00:00,65,65,,0.1,,,34,71,1001,2
2025-07-16 16:06:45,2025-07-16 15:00:00,65,65,,0.1,,,34,71,1001,2
2025-07-16 16:06:56,2025-07-16 15:00:00,65,65,,0.1,,,34,71,1001,2
2025-07-16 16:07:06,2025-07-16 15:00:00,65,65,,0.1,,,34,71,1001,2
2025-07-16 16:07:17,2025-07-16 15:00:00,65,65,,0.1,,,34,71,1001,2
2025-07-16 16:07:27,2025-07-16 15:00:00,65,65,,0.1,,,34,71,1001,2
2025-07-16 16:07:37,2025-07-16 15:00:00,65,65,,0.1,,,34,71,1001,2
2025-07-16 16:07:48,2025-07-16 15:00:00,65,65,,0.1,,,34,71,1001,2
2025-07-16 16:07:58,2025-07-16 15:00:00,65,65,,0.1,,,34,71,1001,2
2025-07-16 16:08:09,2025-07-16 15:00:00,65,65,,0.1,,,34,71,1001,2
2025-07-16 16:08:19,2025-07-16 15:00:00,65,65,,0.1,,,34,71,1001,2
2025-07-16 16:08:30,2025-07-16 15:00:00,65,65,,0.1,,,34,71,1001,2
2025-07-16 16:08:40,2025-07-16 15:00:00,65,65,,0.1,,,34,71,1001,2
2025-07-16 16:08:51,2025-07-16 15:00:00,65,65,,0.1,,,34,71,1001,2
2025-07-16 16:09:01,2025-07-16 15:00:00,65,65,,0.1,,,34,71,1001,2
2025-07-16 16:09:12,2025-07-16 15:00:00,65,65,,0.1,,,34,71,1001,2
2025-07-16 16:09:22,2025-07-16 15:00:00,65,65,,0.1,,,34,71,1001,2
2025-07-16 16:09:33,2025-07-16 15:00:00,65,65,,0.1,,,34,71,1001,2
2025-07-16 16:09:43,2025-07-16 15:00:00,65,65,,0.1,,,34,71,1001,2
2025-07-16 16:09:54,2025-07-16 15:00:00,65,65,,0.1,,,34,71,1001,2
2025-07-16 16:10:04,2025-07-16 15:00:00,65,65,,0.1,,,34,71,1001,2
2025-07-16 16:10:14,2025-07-16 15:00:00,65,65,,0.1,,,34,71,1001,2
2025-07-16 16:10:25,2025-07-16 15:00:00,65,65,,0.1,,,34,71,1001,2
2025-07-16 16:10:35,2025-07-16 15:00:00,65,65,,0.1,,,34,71,1001,2
2025-07-16 16:10:46,2025-07-16 15:00:00,65,65,,0.1,,,34,71,1001,2
2025-07-16 16:10:56,2025-07-16 15:00:00,65,65,,0.1,,,34,71,1001,2
2025-07-16 16:11:07,2025-07-16 15:00:00,65,65,,0.1,,,34,71,1001,2
2025-07-16 16:11:17,2025-07-16 15:00:00,65,65,,0.1,,,34,71,1001,2
2025-07-16 16:11:28,2025-07-16 15:00:00,65,65,,0.1,,,34,71,1001,2
2025-07-16 16:11:38,2025-07-16 15:00:00,65,65,,0.1,,,34,71,1001,2
2025-07-16 16:11:49,2025-07-16 15:00:00,65,65,,0.1,,,34,71,1001,2
2025-07-16 16:11:59,2025-07-16 15:00:00,65,65,,0.1,,,34,71,1001,2
2025-07-16 16:12:10,2025-07-16 15:00:00,65,65,,0.1,,,34,71,1001,2
2025-07-16 16:12:20,2025-07-16 15:00:00,65,65,,0.1,,,34,71,1001,2
2025-07-16 16:12:30,2025-07-16 15:00:00,65,65,,0.1,,,34,71,1001,2
2025-07-16 16:12:41,2025-07-16 15:00:00,65,65,,0.1,,,34,71,1001,2
2025-07-16 16:12:51,2025-07-16 15:00:00,65,65,,0.1,,,34,71,1001,2
2025-07-16 16:13:02,2025-07-16 15:00:00,65,65,,0.1,,,34,71,1001,2
2025-07-16 16:13:12,2025-07-16 15:00:00,65,65,,0.1,,,34,71,1001,2
2025-07-16 16:13:23,2025-07-16 15:00:00,65,65,,0.1,,,34,71,1001,2
2025-07-16 16:13:33,2025-07-16 15:00:00,65,65,,0.1,,,34,71,1001,2
2025-07-16 16:13:44,2025-07-16 15:00:00,65,65,,0.1,,,34,71,1001,2
2025-07-16 16:13:54,2025-07-16 15:00:00,65,65,,0.1,,,34,71,1001,2
2025-07-16 16:14:05,2025-07-16 15:00:00,65,65,,0.1,,,34,71,1001,2
2025-07-16 16:14:15,2025-07-16 15:00:00,65,65,,0.1,,,34,71,1001,2
2025-07-16 16:14:26,2025-07-16 15:00:00,65,65,,0.1,,,34,71,1001,2
2025-07-16 16:14:36,2025-07-16 15:00:00,65,65,,0.1,,,34,71,1001,2
2025-07-16 16:14:46,2025-07-16 15:00:00,65,65,,0.1,,,34,71,1001,2
2025-07-16 16:14:57,2025-07-16 15:00:00,65,65,,0.1,,,34,71,1001,2
2025-07-16 16:15:07,2025-07-16 15:00:00,65,65,,0.1,,,34,71,1001,2
2025-07-16 16:15:18,2025-07-16 15:00:00,65,65,,0.1,,,34,71,1001,2
2025-07-16 16:15:28,2025-07-16 15:00:00,65,65,,0.1,,,34,71,1001,2
2025-07-16 16:15:38,2025-07-16 15:00:00,65,65,,0.1,,,34,71,1001,2
2025-07-16 16:15:49,2025-07-16 15:00:00,65,65,,0.1,,,34,71,1001,2
2025-07-16 16:15:59,2025-07-16 15:00:00,65,65,,0.1,,,34,71,1001,2
2025-07-16 16:16:10,2025-07-16 15:00:00,65,65,,0.1,,,34,71,1001,2
2025-07-16 16:16:20,2025-07-16 15:00:00,65,65,,0.1,,,34,71,1001,2
2025-07-16 16:16:31,2025-07-16 15:00:00,65,65,,0.1,,,34,71,1001,2
2025-07-16 16:16:41,2025-07-16 15:00:00,65,65,,0.1,,,34,71,1001,2
2025-07-16 16:16:52,2025-07-16 15:00:00,65,65,,0.1,,,34,71,1001,2
2025-07-16 16:17:02,2025-07-16 15:00:00,65,65,,0.1,,,34,71,1001,2
2025-07-16 16:17:13,2025-07-16 15:00:00,65,65,,0.1,,,34,71,1001,2
2025-07-16 16:17:23,2025-07-16 15:00:00,65,65,,0.1,,,34,71,1001,2
2025-07-16 16:17:34,2025-07-16 15:00:00,65,65,,0.1,,,34,71,1001,2
2025-07-16 16:17:44,2025-07-16 15:00:00,65,65,,0.1,,,34,71,1001,2
2025-07-16 16:17:55,2025-07-16 15:00:00,65,65,,0.1,,,34,71,1001,2
2025-07-16 16:18:05,2025-07-16 15:00:00,65,65,,0.1,,,34,71,1001,2
2025-07-16 16:18:16,2025-07-16 15:00:00,65,65,,0.1,,,34,71,1001,2
2025-07-16 16:18:26,2025-07-16 15:00:00,65,65,,0.1,,,34,71,1001,2
2025-07-16 16:18:36,2025-07-16 15:00:00,65,65,,0.1,,,34,71,1001,2
2025-07-16 16:18:47,2025-07-16 15:00:00,65,65,,0.1,,,34,71,1001,2
2025-07-16 16:18:57,2025-07-16 15:00:00,65,65,,0.1,,,34,71,1001,2
2025-07-16 16:19:08,2025-07-16 15:00:00,65,65,,0.1,,,34,71,1001,2
2025-07-16 16:19:18,2025-07-16 16:00:00,51,51,,0.1,,,33,75,1000,1.5
2025-07-16 16:19:29,2025-07-16 16:00:00,51,51,,0.1,,,33,75,1000,1.5
2025-07-16 16:19:39,2025-07-16 16:00:00,51,51,,0.1,,,33,75,1000,1.5
2025-07-16 16:19:50,2025-07-16 16:00:00,51,51,,0.1,,,33,75,1000,1.5
2025-07-16 16:20:00,2025-07-16 16:00:00,51,51,,0.1,,,33,75,1000,1.5
2025-07-16 16:20:11,2025-07-16 16:00:00,51,51,,0.1,,,33,75,1000,1.5
2025-07-16 16:20:21,2025-07-16 16:00:00,51,51,,0.1,,,33,75,1000,1.5
2025-07-16 16:20:32,2025-07-16 16:00:00,51,51,,0.1,,,33,75,1000,1.5
2025-07-16 16:20:42,2025-07-16 16:00:00,51,51,,0.1,,,33,75,1000,1.5
2025-07-16 16:20:53,2025-07-16 16:00:00,51,51,,0.1,,,33,75,1000,1.5
2025-07-16 16:21:03,2025-07-16 16:00:00,51,51,,0.1,,,33,75,1000,1.5
2025-07-16 16:21:13,2025-07-16 16:00:00,51,51,,0.1,,,33,75,1000,1.5
2025-07-16 16:21:24,2025-07-16 16:00:00,51,51,,0.1,,,33,75,1000,1.5
2025-07-16 16:21:34,2025-07-16 16:00:00,51,51,,0.1,,,33,75,1000,1.5
2025-07-16 16:21:45,2025-07-16 16:00:00,51,51,,0.1,,,33,75,1000,1.5
2025-07-16 16:21:55,2025-07-16 16:00:00,51,51,,0.1,,,33,75,1000,1.5
2025-07-16 16:22:06,2025-07-16 16:00:00,51,51,,0.1,,,33,75,1000,1.5
2025-07-16 16:22:16,2025-07-16 16:00:00,51,51,,0.1,,,33,75,1000,1.5
2025-07-16 16:22:27,2025-07-16 16:00:00,51,51,,0.1,,,33,75,1000,1.5
2025-07-16 16:22:37,2025-07-16 16:00:00,51,51,,0.1,,,33,75,1000,1.5
2025-07-16 16:22:48,2025-07-16 16:00:00,51,51,,0.1,,,33,75,1000,1.5
2025-07-16 16:22:58,2025-07-16 16:00:00,51,51,,0.1,,,33,75,1000,1.5
2025-07-16 16:23:09,2025-07-16 16:00:00,51,51,,0.1,,,33,75,1000,1.5
2025-07-16 16:23:19,2025-07-16 16:00:00,51,51,,0.1,,,33,75,1000,1.5
2025-07-16 16:23:30,2025-07-16 16:00:00,51,51,,0.1,,,33,75,1000,1.5
2025-07-16 16:23:40,2025-07-16 16:00:00,51,51,,0.1,,,33,75,1000,1.5
2025-07-16 16:23:51,2025-07-16 16:00:00,51,51,,0.1,,,33,75,1000,1.5
2025-07-16 16:24:01,2025-07-16 16:00:00,51,51,,0.1,,,33,75,1000,1.5
2025-07-16 16:24:11,2025-07-16 16:00:00,51,51,,0.1,,,33,75,1000,1.5
2025-07-16 16:24:22,2025-07-16 16:00:00,51,51,,0.1,,,33,75,1000,1.5
2025-07-16 16:24:32,2025-07-16 16:00:00,51,51,,0.1,,,33,75,1000,1.5
2025-07-16 16:24:53,2025-07-16 16:00:00,51,51,,0.1,,,33,75,1000,1.5
2025-07-16 16:25:04,2025-07-16 16:00:00,51,51,,0.1,,,33,75,1000,1.5
2025-07-16 16:25:17,2025-07-16 16:00:00,51,51,,0.1,,,33,75,1000,1.5
2025-07-16 16:25:29,2025-07-16 16:00:00,51,51,,0.1,,,33,75,1000,1.5
2025-07-16 16:25:39,2025-07-16 16:00:00,51,51,,0.1,,,33,75,1000,1.5
2025-07-16 16:25:55,2025-07-16 16:00:00,51,51,,0.1,,,33,75,1000,1.5
2025-07-16 16:26:06,2025-07-16 16:00:00,51,51,,0.1,,,33,75,1000,1.5
2025-07-16 16:26:16,2025-07-16 16:00:00,51,51,,0.1,,,33,75,1000,1.5
2025-07-16 16:26:26,2025-07-16 16:00:00,51,51,,0.1,,,33,75,1000,1.5
2025-07-16 16:26:37,2025-07-16 16:00:00,51,51,,0.1,,,33,75,1000,1.5
2025-07-16 16:26:47,2025-07-16 16:00:00,51,51,,0.1,,,33,75,1000,1.5
2025-07-16 16:26:58,2025-07-16 16:00:00,51,51,,0.1,,,33,75,1000,1.5
2025-07-16 16:27:08,2025-07-16 16:00:00,51,51,,0.1,,,33,75,1000,1.5
2025-07-16 16:27:19,2025-07-16 16:00:00,51,51,,0.1,,,33,75,1000,1.5
2025-07-16 16:27:29,2025-07-16 16:00:00,51,51,,0.1,,,33,75,1000,1.5
2025-07-16 16:27:40,2025-07-16 16:00:00,51,51,,0.1,,,33,75,1000,1.5
2025-07-16 16:27:50,2025-07-16 16:00:00,51,51,,0.1,,,33,75,1000,1.5
2025-07-16 16:28:01,2025-07-16 16:00:00,51,51,,0.1,,,33,75,1000,1.5
2025-07-16 16:28:12,2025-07-16 16:00:00,51,51,,0.1,,,33,75,1000,1.5
2025-07-16 16:28:22,2025-07-16 16:00:00,51,51,,0.1,,,33,75,1000,1.5
2025-07-16 16:28:32,2025-07-16 16:00:00,51,51,,0.1,,,33,75,1000,1.5
2025-07-16 16:28:43,2025-07-16 16:00:00,51,51,,0.1,,,33,75,1000,1.5
2025-07-16 16:28:53,2025-07-16 16:00:00,51,51,,0.1,,,33,75,1000,1.5
2025-07-16 16:29:04,2025-07-16 16:00:00,51,51,,0.1,,,33,75,1000,1.5
2025-07-16 16:29:14,2025-07-16 16:00:00,51,51,,0.1,,,33,75,1000,1.5
2025-07-16 16:29:25,2025-07-16 16:00:00,51,51,,0.1,,,33,75,1000,1.5
2025-07-16 16:29:35,2025-07-16 16:00:00,51,51,,0.1,,,33,75,1000,1.5
2025-07-16 16:29:46,2025-07-16 16:00:00,51,51,,0.1,,,33,75,1000,1.5
2025-07-16 16:29:56,2025-07-16 16:00:00,51,51,,0.1,,,33,75,1000,1.5
2025-07-16 16:30:07,2025-07-16 16:00:00,51,51,,0.1,,,33,75,1000,1.5
2025-07-16 16:30:17,2025-07-16 16:00:00,51,51,,0.1,,,33,75,1000,1.5
2025-07-16 16:30:28,2025-07-16 16:00:00,51,51,,0.1,,,33,75,1000,1.5
2025-07-16 16:30:38,2025-07-16 16:00:00,51,51,,0.1,,,33,75,1000,1.5
2025-07-16 16:30:49,2025-07-16 16:00:00,51,51,,0.1,,,33,75,1000,1.5
2025-07-16 16:30:59,2025-07-16 16:00:00,51,51,,0.1,,,33,75,1000,1.5
2025-07-16 16:31:10,2025-07-16 16:00:00,51,51,,0.1,,,33,75,1000,1.5
2025-07-16 16:31:20,2025-07-16 16:00:00,51,51,,0.1,,,33,75,1000,1.5
2025-07-16 16:31:31,2025-07-16 16:00:00,51,51,,0.1,,,33,75,1000,1.5
2025-07-16 16:31:41,2025-07-16 16:00:00,51,51,,0.1,,,33,75,1000,1.5
2025-07-16 16:31:52,2025-07-16 16:00:00,51,51,,0.1,,,33,75,1000,1.5
2025-07-16 16:32:02,2025-07-16 16:00:00,51,51,,0.1,,,33,75,1000,1.5
2025-07-16 16:32:13,2025-07-16 16:00:00,51,51,,0.1,,,33,75,1000,1.5
2025-07-16 16:32:23,2025-07-16 16:00:00,51,51,,0.1,,,33,75,1000,1.5
2025-07-16 16:32:34,2025-07-16 16:00:00,51,51,,0.1,,,33,75,1000,1.5
2025-07-16 16:32:52,2025-07-16 16:00:00,51,51,,0.1,,,33,75,1000,1.5
2025-07-16 16:33:02,2025-07-16 16:00:00,51,51,,0.1,,,33,75,1000,1.5
2025-07-16 16:33:13,2025-07-16 16:00:00,51,51,,0.1,,,33,75,1000,1.5
2025-07-16 16:33:23,2025-07-16 16:00:00,51,51,,0.1,,,33,75,1000,1.5
2025-07-16 16:33:34,2025-07-16 16:00:00,51,51,,0.1,,,33,75,1000,1.5
2025-07-16 16:33:44,2025-07-16 16:00:00,51,51,,0.1,,,33,75,1000,1.5
2025-07-16 16:33:55,2025-07-16 16:00:00,51,51,,0.1,,,33,75,1000,1.5
2025-07-16 16:34:05,2025-07-16 16:00:00,51,51,,0.1,,,33,75,1000,1.5
2025-07-16 16:34:16,2025-07-16 16:00:00,51,51,,0.1,,,33,75,1000,1.5
2025-07-16 16:34:26,2025-07-16 16:00:00,51,51,,0.1,,,33,75,1000,1.5
2025-07-16 16:34:37,2025-07-16 16:00:00,51,51,,0.1,,,33,75,1000,1.5
2025-07-16 16:34:48,2025-07-16 16:00:00,51,51,,0.1,,,33,75,1000,1.5
2025-07-16 16:34:58,2025-07-16 16:00:00,51,51,,0.1,,,33,75,1000,1.5
2025-07-16 16:35:08,2025-07-16 16:00:00,51,51,,0.1,,,33,75,1000,1.5
2025-07-16 16:35:20,2025-07-16 16:00:00,51,51,,0.1,,,33,75,1000,1.5
2025-07-16 16:35:30,2025-07-16 16:00:00,51,51,,0.1,,,33,75,1000,1.5
2025-07-16 16:35:41,2025-07-16 16:00:00,51,51,,0.1,,,33,75,1000,1.5
2025-07-16 16:35:51,2025-07-16 16:00:00,51,51,,0.1,,,33,75,1000,1.5
2025-07-16 16:36:04,2025-07-16 16:00:00,51,51,,0.1,,,33,75,1000,1.5
2025-07-16 16:36:15,2025-07-16 16:00:00,51,51,,0.1,,,33,75,1000,1.5
2025-07-16 16:36:26,2025-07-16 16:00:00,51,51,,0.1,,,33,75,1000,1.5
2025-07-16 16:36:37,2025-07-16 16:00:00,51,51,,0.1,,,33,75,1000,1.5
2025-07-16 16:36:47,2025-07-16 16:00:00,51,51,,0.1,,,33,75,1000,1.5
2025-07-16 16:36:58,2025-07-16 16:00:00,51,51,,0.1,,,33,75,1000,1.5
2025-07-16 16:37:08,2025-07-16 16:00:00,51,51,,0.1,,,33,75,1000,1.5
2025-07-16 16:37:19,2025-07-16 16:00:00,51,51,,0.1,,,33,75,1000,1.5
2025-07-16 16:37:29,2025-07-16 16:00:00,51,51,,0.1,,,33,75,1000,1.5
2025-07-16 16:37:39,2025-07-16 16:00:00,51,51,,0.1,,,33,75,1000,1.5
2025-07-16 16:37:50,2025-07-16 16:00:00,51,51,,0.1,,,33,75,1000,1.5
2025-07-16 16:38:02,2025-07-16 16:00:00,51,51,,0.1,,,33,75,1000,1.5
2025-07-16 16:38:13,2025-07-16 16:00:00,51,51,,0.1,,,33,75,1000,1.5
2025-07-16 16:38:25,2025-07-16 16:00:00,51,51,,0.1,,,33,75,1000,1.5
2025-07-16 16:38:39,2025-07-16 16:00:00,51,51,,0.1,,,33,75,1000,1.5
2025-07-16 16:38:53,2025-07-16 16:00:00,51,51,,0.1,,,33,75,1000,1.5
2025-07-16 16:39:04,2025-07-16 16:00:00,51,51,,0.1,,,33,75,1000,1.5
2025-07-16 16:39:15,2025-07-16 16:00:00,51,51,,0.1,,,33,75,1000,1.5
2025-07-16 16:39:26,2025-07-16 16:00:00,51,51,,0.1,,,33,75,1000,1.5
2025-07-16 16:39:38,2025-07-16 16:00:00,51,51,,0.1,,,33,75,1000,1.5
2025-07-16 16:39:48,2025-07-16 16:00:00,51,51,,0.1,,,33,75,1000,1.5
2025-07-16 16:39:59,2025-07-16 16:00:00,51,51,,0.1,,,33,75,1000,1.5
2025-07-16 16:40:09,2025-07-16 16:00:00,51,51,,0.1,,,33,75,1000,1.5
2025-07-16 16:40:20,2025-07-16 16:00:00,51,51,,0.1,,,33,75,1000,1.5
2025-07-16 16:40:30,2025-07-16 16:00:00,51,51,,0.1,,,33,75,1000,1.5
2025-07-16 16:40:41,2025-07-16 16:00:00,51,51,,0.1,,,33,75,1000,1.5
2025-07-16 16:40:51,2025-07-16 16:00:00,51,51,,0.1,,,33,75,1000,1.5
2025-07-16 16:41:02,2025-07-16 16:00:00,51,51,,0.1,,,33,75,1000,1.5
2025-07-16 16:41:12,2025-07-16 16:00:00,51,51,,0.1,,,33,75,1000,1.5
2025-07-16 16:41:23,2025-07-16 16:00:00,51,51,,0.1,,,33,75,1000,1.5
2025-07-16 16:41:33,2025-07-16 16:00:00,51,51,,0.1,,,33,75,1000,1.5
2025-07-16 16:41:44,2025-07-16 16:00:00,51,51,,0.1,,,33,75,1000,1.5
2025-07-16 16:41:54,2025-07-16 16:00:00,51,51,,0.1,,,33,75,1000,1.5
2025-07-16 16:42:05,2025-07-16 16:00:00,51,51,,0.1,,,33,75,1000,1.5
2025-07-16 16:42:15,2025-07-16 16:00:00,51,51,,0.1,,,33,75,1000,1.5
2025-07-16 16:42:26,2025-07-16 16:00:00,51,51,,0.1,,,33,75,1000,1.5
2025-07-16 16:42:36,2025-07-16 16:00:00,51,51,,0.1,,,33,75,1000,1.5
2025-07-16 16:42:47,2025-07-16 16:00:00,51,51,,0.1,,,33,75,1000,1.5
2025-07-16 16:42:57,2025-07-16 16:00:00,51,51,,0.1,,,33,75,1000,1.5
2025-07-16 16:43:08,2025-07-16 16:00:00,51,51,,0.1,,,33,75,1000,1.5
2025-07-16 16:43:18,2025-07-16 16:00:00,51,51,,0.1,,,33,75,1000,1.5
2025-07-16 16:43:29,2025-07-16 16:00:00,51,51,,0.1,,,33,75,1000,1.5
2025-07-16 16:43:39,2025-07-16 16:00:00,51,51,,0.1,,,33,75,1000,1.5
2025-07-16 16:43:50,2025-07-16 16:00:00,51,51,,0.1,,,33,75,1000,1.5
2025-07-16 16:44:00,2025-07-16 16:00:00,51,51,,0.1,,,33,75,1000,1.5
2025-07-16 16:44:11,2025-07-16 16:00:00,51,51,,0.1,,,33,75,1000,1.5
2025-07-16 16:44:21,2025-07-16 16:00:00,51,51,,0.1,,,33,75,1000,1.5
2025-07-16 16:44:32,2025-07-16 16:00:00,51,51,,0.1,,,33,75,1000,1.5
2025-07-16 16:44:42,2025-07-16 16:00:00,51,51,,0.1,,,33,75,1000,1.5
2025-07-16 16:44:52,2025-07-16 16:00:00,51,51,,0.1,,,33,75,1000,1.5
2025-07-16 16:45:03,2025-07-16 16:00:00,51,51,,0.1,,,33,75,1000,1.5
2025-07-16 16:45:13,2025-07-16 16:00:00,51,51,,0.1,,,33,75,1000,1.5
2025-07-16 16:45:24,2025-07-16 16:00:00,51,51,,0.1,,,33,75,1000,1.5
2025-07-16 16:45:34,2025-07-16 16:00:00,51,51,,0.1,,,33,75,1000,1.5
2025-07-16 16:45:45,2025-07-16 16:00:00,51,51,,0.1,,,33,75,1000,1.5
2025-07-16 16:45:55,2025-07-16 16:00:00,51,51,,0.1,,,33,75,1000,1.5
2025-07-16 16:46:06,2025-07-16 16:00:00,51,51,,0.1,,,33,75,1000,1.5
2025-07-16 16:46:16,2025-07-16 16:00:00,51,51,,0.1,,,33,75,1000,1.5
2025-07-16 16:46:27,2025-07-16 16:00:00,51,51,,0.1,,,33,75,1000,1.5
2025-07-16 16:46:37,2025-07-16 16:00:00,51,51,,0.1,,,33,75,1000,1.5
2025-07-16 16:46:47,2025-07-16 16:00:00,51,51,,0.1,,,33,75,1000,1.5
2025-07-16 16:46:58,2025-07-16 16:00:00,51,51,,0.1,,,33,75,1000,1.5
2025-07-16 16:47:08,2025-07-16 16:00:00,51,51,,0.1,,,33,75,1000,1.5
2025-07-16 16:47:18,2025-07-16 16:00:00,51,51,,0.1,,,33,75,1000,1.5
2025-07-16 16:47:29,2025-07-16 16:00:00,51,51,,0.1,,,33,75,1000,1.5
2025-07-16 16:47:40,2025-07-16 16:00:00,51,51,,0.1,,,33,75,1000,1.5
2025-07-16 16:47:50,2025-07-16 16:00:00,51,51,,0.1,,,33,75,1000,1.5
2025-07-16 16:48:00,2025-07-16 16:00:00,51,51,,0.1,,,33,75,1000,1.5
2025-07-16 16:48:11,2025-07-16 16:00:00,51,51,,0.1,,,33,75,1000,1.5
2025-07-16 16:48:21,2025-07-16 16:00:00,51,51,,0.1,,,33,75,1000,1.5
2025-07-16 16:48:32,2025-07-16 16:00:00,51,51,,0.1,,,33,75,1000,1.5
2025-07-16 16:48:42,2025-07-16 16:00:00,51,51,,0.1,,,33,75,1000,1.5
2025-07-16 16:48:52,2025-07-16 16:00:00,51,51,,0.1,,,33,75,1000,1.5
2025-07-16 16:49:03,2025-07-16 16:00:00,51,51,,0.1,,,33,75,1000,1.5
2025-07-16 16:49:13,2025-07-16 16:00:00,51,51,,0.1,,,33,75,1000,1.5
2025-07-16 16:49:24,2025-07-16 16:00:00,51,51,,0.1,,,33,75,1000,1.5
2025-07-16 16:49:34,2025-07-16 16:00:00,51,51,,0.1,,,33,75,1000,1.5
2025-07-16 16:49:45,2025-07-16 16:00:00,51,51,,0.1,,,33,75,1000,1.5
2025-07-16 16:49:55,2025-07-16 16:00:00,51,51,,0.1,,,33,75,1000,1.5
2025-07-16 16:50:06,2025-07-16 16:00:00,51,51,,0.1,,,33,75,1000,1.5
2025-07-16 16:50:17,2025-07-16 16:00:00,51,51,,0.1,,,33,75,1000,1.5
2025-07-16 16:50:27,2025-07-16 16:00:00,51,51,,0.1,,,33,75,1000,1.5
2025-07-16 16:50:38,2025-07-16 16:00:00,51,51,,0.1,,,33,75,1000,1.5
2025-07-16 16:50:48,2025-07-16 16:00:00,51,51,,0.1,,,33,75,1000,1.5
2025-07-16 16:50:59,2025-07-16 16:00:00,51,51,,0.1,,,33,75,1000,1.5
2025-07-16 16:51:09,2025-07-16 16:00:00,51,51,,0.1,,,33,75,1000,1.5
2025-07-16 16:51:19,2025-07-16 16:00:00,51,51,,0.1,,,33,75,1000,1.5
2025-07-16 16:51:30,2025-07-16 16:00:00,51,51,,0.1,,,33,75,1000,1.5
2025-07-16 16:51:40,2025-07-16 16:00:00,51,51,,0.1,,,33,75,1000,1.5
2025-07-16 16:51:51,2025-07-16 16:00:00,51,51,,0.1,,,33,75,1000,1.5
2025-07-16 16:52:01,2025-07-16 16:00:00,51,51,,0.1,,,33,75,1000,1.5
2025-07-16 16:52:12,2025-07-16 16:00:00,51,51,,0.1,,,33,75,1000,1.5
2025-07-16 16:52:22,2025-07-16 16:00:00,51,51,,0.1,,,33,75,1000,1.5
2025-07-16 16:52:33,2025-07-16 16:00:00,51,51,,0.1,,,33,75,1000,1.5
2025-07-16 16:52:43,2025-07-16 16:00:00,51,51,,0.1,,,33,75,1000,1.5
2025-07-16 16:52:54,2025-07-16 16:00:00,51,51,,0.1,,,33,75,1000,1.5
2025-07-16 16:53:04,2025-07-16 16:00:00,51,51,,0.1,,,33,75,1000,1.5
2025-07-16 16:53:14,2025-07-16 16:00:00,51,51,,0.1,,,33,75,1000,1.5
2025-07-16 16:53:25,2025-07-16 16:00:00,51,51,,0.1,,,33,75,1000,1.5
2025-07-16 16:53:35,2025-07-16 16:00:00,51,51,,0.1,,,33,75,1000,1.5
2025-07-16 16:53:46,2025-07-16 16:00:00,51,51,,0.1,,,33,75,1000,1.5
2025-07-16 16:53:56,2025-07-16 16:00:00,51,51,,0.1,,,33,75,1000,1.5
2025-07-16 16:54:07,2025-07-16 16:00:00,51,51,,0.1,,,33,75,1000,1.5
2025-07-16 16:54:17,2025-07-16 16:00:00,51,51,,0.1,,,33,75,1000,1.5
2025-07-16 16:54:28,2025-07-16 16:00:00,51,51,,0.1,,,33,75,1000,1.5
2025-07-16 16:54:39,2025-07-16 16:00:00,51,51,,0.1,,,33,75,1000,1.5
2025-07-16 16:54:49,2025-07-16 16:00:00,51,51,,0.1,,,33,75,1000,1.5
2025-07-16 16:55:00,2025-07-16 16:00:00,51,51,,0.1,,,33,75,1000,1.5
2025-07-16 16:55:10,2025-07-16 16:00:00,51,51,,0.1,,,33,75,1000,1.5
2025-07-16 16:55:21,2025-07-16 16:00:00,51,51,,0.1,,,33,75,1000,1.5
2025-07-16 16:55:31,2025-07-16 16:00:00,51,51,,0.1,,,33,75,1000,1.5
2025-07-16 16:55:41,2025-07-16 16:00:00,51,51,,0.1,,,33,75,1000,1.5
2025-07-16 16:55:52,2025-07-16 16:00:00,51,51,,0.1,,,33,75,1000,1.5
2025-07-16 16:56:02,2025-07-16 16:00:00,51,51,,0.1,,,33,75,1000,1.5
2025-07-16 16:56:13,2025-07-16 16:00:00,51,51,,0.1,,,33,75,1000,1.5
2025-07-16 16:56:23,2025-07-16 16:00:00,51,51,,0.1,,,33,75,1000,1.5
2025-07-16 16:56:33,2025-07-16 16:00:00,51,51,,0.1,,,33,75,1000,1.5
2025-07-16 16:56:44,2025-07-16 16:00:00,51,51,,0.1,,,33,75,1000,1.5
2025-07-16 16:56:54,2025-07-16 16:00:00,51,51,,0.1,,,33,75,1000,1.5
2025-07-16 16:57:05,2025-07-16 16:00:00,51,51,,0.1,,,33,75,1000,1.5
2025-07-16 16:57:15,2025-07-16 16:00:00,51,51,,0.1,,,33,75,1000,1.5
2025-07-16 16:57:25,2025-07-16 16:00:00,51,51,,0.1,,,33,75,1000,1.5
2025-07-16 16:57:36,2025-07-16 16:00:00,51,51,,0.1,,,33,75,1000,1.5
2025-07-16 16:57:46,2025-07-16 16:00:00,51,51,,0.1,,,33,75,1000,1.5
2025-07-16 16:57:57,2025-07-16 16:00:00,51,51,,0.1,,,33,75,1000,1.5
2025-07-16 16:58:07,2025-07-16 16:00:00,51,51,,0.1,,,33,75,1000,1.5
2025-07-16 16:58:18,2025-07-16 16:00:00,51,51,,0.1,,,33,75,1000,1.5
2025-07-16 16:58:28,2025-07-16 16:00:00,51,51,,0.1,,,33,75,1000,1.5
2025-07-16 16:58:38,2025-07-16 16:00:00,51,51,,0.1,,,33,75,1000,1.5
2025-07-16 16:58:49,2025-07-16 16:00:00,51,51,,0.1,,,33,75,1000,1.5
2025-07-16 16:58:59,2025-07-16 16:00:00,51,51,,0.1,,,33,75,1000,1.5
2025-07-16 16:59:10,2025-07-16 16:00:00,51,51,,0.1,,,33,75,1000,1.5
2025-07-16 16:59:20,2025-07-16 16:00:00,51,51,,0.1,,,33,75,1000,1.5
2025-07-16 16:59:31,2025-07-16 16:00:00,51,51,,0.1,,,33,75,1000,1.5
2025-07-16 16:59:41,2025-07-16 16:00:00,51,51,,0.1,,,33,75,1000,1.5
2025-07-16 16:59:52,2025-07-16 16:00:00,51,51,,0.1,,,33,75,1000,1.5
2025-07-16 17:00:02,2025-07-16 16:00:00,51,51,,0.1,,,33,75,1000,1.5
2025-07-16 17:00:13,2025-07-16 16:00:00,51,51,,0.1,,,33,75,1000,1.5
2025-07-16 17:00:23,2025-07-16 16:00:00,51,51,,0.1,,,33,75,1000,1.5
2025-07-16 17:00:34,2025-07-16 16:00:00,51,51,,0.1,,,33,75,1000,1.5
2025-07-16 17:00:44,2025-07-16 16:00:00,51,51,,0.1,,,33,75,1000,1.5
2025-07-16 17:00:55,2025-07-16 16:00:00,51,51,,0.1,,,33,75,1000,1.5
2025-07-16 17:01:05,2025-07-16 16:00:00,51,51,,0.1,,,33,75,1000,1.5
2025-07-16 17:01:15,2025-07-16 16:00:00,51,51,,0.1,,,33,75,1000,1.5
2025-07-16 17:01:26,2025-07-16 16:00:00,51,51,,0.1,,,33,75,1000,1.5
2025-07-16 17:01:36,2025-07-16 16:00:00,51,51,,0.1,,,33,75,1000,1.5
2025-07-16 17:01:47,2025-07-16 16:00:00,51,51,,0.1,,,33,75,1000,1.5
2025-07-16 17:01:57,2025-07-16 16:00:00,51,51,,0.1,,,33,75,1000,1.5
2025-07-16 17:02:07,2025-07-16 16:00:00,51,51,,0.1,,,33,75,1000,1.5
2025-07-16 17:02:18,2025-07-16 16:00:00,51,51,,0.1,,,33,75,1000,1.5
2025-07-16 17:02:28,2025-07-16 16:00:00,51,51,,0.1,,,33,75,1000,1.5
2025-07-16 17:02:39,2025-07-16 16:00:00,51,51,,0.1,,,33,75,1000,1.5
2025-07-16 17:02:49,2025-07-16 16:00:00,51,51,,0.1,,,33,75,1000,1.5
2025-07-16 17:03:00,2025-07-16 16:00:00,51,51,,0.1,,,33,75,1000,1.5
2025-07-16 17:03:10,2025-07-16 16:00:00,51,51,,0.1,,,33,75,1000,1.5
2025-07-16 17:03:20,2025-07-16 16:00:00,51,51,,0.1,,,33,75,1000,1.5
2025-07-16 17:03:31,2025-07-16 16:00:00,51,51,,0.1,,,33,75,1000,1.5
2025-07-16 17:03:41,2025-07-16 16:00:00,51,51,,0.1,,,33,75,1000,1.5
2025-07-16 17:03:52,2025-07-16 16:00:00,51,51,,0.1,,,33,75,1000,1.5
2025-07-16 17:04:02,2025-07-16 16:00:00,51,51,,0.1,,,33,75,1000,1.5
2025-07-16 17:04:13,2025-07-16 16:00:00,51,51,,0.1,,,33,75,1000,1.5
2025-07-16 17:04:23,2025-07-16 16:00:00,51,51,,0.1,,,33,75,1000,1.5
2025-07-16 17:04:34,2025-07-16 16:00:00,51,51,,0.1,,,33,75,1000,1.5
2025-07-16 17:04:44,2025-07-16 16:00:00,51,51,,0.1,,,33,75,1000,1.5
2025-07-16 17:04:55,2025-07-16 16:00:00,51,51,,0.1,,,33,75,1000,1.5
2025-07-16 17:05:05,2025-07-16 16:00:00,51,51,,0.1,,,33,75,1000,1.5
2025-07-16 17:05:16,2025-07-16 16:00:00,51,51,,0.1,,,33,75,1000,1.5
2025-07-16 17:05:26,2025-07-16 16:00:00,51,51,,0.1,,,33,75,1000,1.5
2025-07-16 17:05:36,2025-07-16 16:00:00,51,51,,0.1,,,33,75,1000,1.5
2025-07-16 17:05:47,2025-07-16 16:00:00,51,51,,0.1,,,33,75,1000,1.5
2025-07-16 17:05:57,2025-07-16 16:00:00,51,51,,0.1,,,33,75,1000,1.5
2025-07-16 17:06:08,2025-07-16 16:00:00,51,51,,0.1,,,33,75,1000,1.5
2025-07-16 17:06:19,2025-07-16 16:00:00,51,51,,0.1,,,33,75,1000,1.5
2025-07-16 17:06:29,2025-07-16 16:00:00,51,51,,0.1,,,33,75,1000,1.5
2025-07-16 17:06:39,2025-07-16 16:00:00,51,51,,0.1,,,33,75,1000,1.5
2025-07-16 17:06:50,2025-07-16 16:00:00,51,51,,0.1,,,33,75,1000,1.5
2025-07-16 17:07:00,2025-07-16 16:00:00,51,51,,0.1,,,33,75,1000,1.5
2025-07-16 17:07:11,2025-07-16 16:00:00,51,51,,0.1,,,33,75,1000,1.5
2025-07-16 17:07:21,2025-07-16 16:00:00,51,51,,0.1,,,33,75,1000,1.5
2025-07-16 17:07:32,2025-07-16 16:00:00,51,51,,0.1,,,33,75,1000,1.5
2025-07-16 17:07:42,2025-07-16 16:00:00,51,51,,0.1,,,33,75,1000,1.5
2025-07-16 17:07:53,2025-07-16 16:00:00,51,51,,0.1,,,33,75,1000,1.5
2025-07-16 17:08:03,2025-07-16 16:00:00,51,51,,0.1,,,33,75,1000,1.5
2025-07-16 17:08:13,2025-07-16 16:00:00,51,51,,0.1,,,33,75,1000,1.5
2025-07-16 17:08:24,2025-07-16 16:00:00,51,51,,0.1,,,33,75,1000,1.5
2025-07-16 17:08:35,2025-07-16 16:00:00,51,51,,0.1,,,33,75,1000,1.5
2025-07-16 17:08:46,2025-07-16 16:00:00,51,51,,0.1,,,33,75,1000,1.5
2025-07-16 17:08:56,2025-07-16 16:00:00,51,51,,0.1,,,33,75,1000,1.5
2025-07-16 17:09:07,2025-07-16 16:00:00,51,51,,0.1,,,33,75,1000,1.5
2025-07-16 17:09:17,2025-07-16 16:00:00,51,51,,0.1,,,33,75,1000,1.5
2025-07-16 17:09:28,2025-07-16 16:00:00,51,51,,0.1,,,33,75,1000,1.5
2025-07-16 17:09:39,2025-07-16 16:00:00,51,51,,0.1,,,33,75,1000,1.5
2025-07-16 17:09:50,2025-07-16 16:00:00,51,51,,0.1,,,33,75,1000,1.5
2025-07-16 17:10:00,2025-07-16 16:00:00,51,51,,0.1,,,33,75,1000,1.5
2025-07-16 17:10:11,2025-07-16 16:00:00,51,51,,0.1,,,33,75,1000,1.5
2025-07-16 17:10:21,2025-07-16 16:00:00,51,51,,0.1,,,33,75,1000,1.5
2025-07-16 17:10:32,2025-07-16 16:00:00,51,51,,0.1,,,33,75,1000,1.5
2025-07-16 17:10:42,2025-07-16 16:00:00,51,51,,0.1,,,33,75,1000,1.5
2025-07-16 17:10:53,2025-07-16 16:00:00,51,51,,0.1,,,33,75,1000,1.5
2025-07-16 17:11:03,2025-07-16 16:00:00,51,51,,0.1,,,33,75,1000,1.5
2025-07-16 17:11:13,2025-07-16 16:00:00,51,51,,0.1,,,33,75,1000,1.5
2025-07-16 17:11:24,2025-07-16 16:00:00,51,51,,0.1,,,33,75,1000,1.5
2025-07-16 17:11:34,2025-07-16 16:00:00,51,51,,0.1,,,33,75,1000,1.5
2025-07-16 17:11:45,2025-07-16 16:00:00,51,51,,0.1,,,33,75,1000,1.5
2025-07-16 17:11:56,2025-07-16 16:00:00,51,51,,0.1,,,33,75,1000,1.5
2025-07-16 17:12:06,2025-07-16 16:00:00,51,51,,0.1,,,33,75,1000,1.5
2025-07-16 17:12:17,2025-07-16 16:00:00,51,51,,0.1,,,33,75,1000,1.5
2025-07-16 17:12:27,2025-07-16 16:00:00,51,51,,0.1,,,33,75,1000,1.5
2025-07-16 17:12:37,2025-07-16 16:00:00,51,51,,0.1,,,33,75,1000,1.5
2025-07-16 17:12:48,2025-07-16 16:00:00,51,51,,0.1,,,33,75,1000,1.5
2025-07-16 17:12:58,2025-07-16 16:00:00,51,51,,0.1,,,33,75,1000,1.5
2025-07-16 17:13:13,2025-07-16 16:00:00,51,51,,0.1,,,33,75,1000,1.5
2025-07-16 17:13:23,2025-07-16 16:00:00,51,51,,0.1,,,33,75,1000,1.5
2025-07-16 17:13:34,2025-07-16 16:00:00,51,51,,0.1,,,33,75,1000,1.5
2025-07-16 17:13:44,2025-07-16 16:00:00,51,51,,0.1,,,33,75,1000,1.5
2025-07-16 17:13:55,2025-07-16 16:00:00,51,51,,0.1,,,33,75,1000,1.5
2025-07-16 17:14:05,2025-07-16 16:00:00,51,51,,0.1,,,33,75,1000,1.5
2025-07-16 17:14:16,2025-07-16 16:00:00,51,51,,0.1,,,33,75,1000,1.5
2025-07-16 17:14:26,2025-07-16 16:00:00,51,51,,0.1,,,33,75,1000,1.5
2025-07-16 17:14:37,2025-07-16 16:00:00,51,51,,0.1,,,33,75,1000,1.5
2025-07-16 17:14:47,2025-07-16 16:00:00,51,51,,0.1,,,33,75,1000,1.5
2025-07-16 17:14:57,2025-07-16 16:00:00,51,51,,0.1,,,33,75,1000,1.5
2025-07-16 17:15:08,2025-07-16 16:00:00,51,51,,0.1,,,33,75,1000,1.5
2025-07-16 17:15:18,2025-07-16 16:00:00,51,51,,0.1,,,33,75,1000,1.5
2025-07-16 17:15:29,2025-07-16 16:00:00,51,51,,0.1,,,33,75,1000,1.5
2025-07-16 17:15:39,2025-07-16 16:00:00,51,51,,0.1,,,33,75,1000,1.5
2025-07-16 17:15:50,2025-07-16 16:00:00,51,51,,0.1,,,33,75,1000,1.5
2025-07-16 17:16:00,2025-07-16 16:00:00,51,51,,0.1,,,33,75,1000,1.5
2025-07-16 17:16:11,2025-07-16 16:00:00,51,51,,0.1,,,33,75,1000,1.5
2025-07-16 17:16:21,2025-07-16 16:00:00,51,51,,0.1,,,33,75,1000,1.5
2025-07-16 17:16:32,2025-07-16 16:00:00,51,51,,0.1,,,33,75,1000,1.5
2025-07-16 17:16:42,2025-07-16 16:00:00,51,51,,0.1,,,33,75,1000,1.5
2025-07-16 17:16:53,2025-07-16 16:00:00,51,51,,0.1,,,33,75,1000,1.5
2025-07-16 17:17:03,2025-07-16 16:00:00,51,51,,0.1,,,33,75,1000,1.5
2025-07-16 17:17:13,2025-07-16 16:00:00,51,51,,0.1,,,33,75,1000,1.5
2025-07-16 17:17:24,2025-07-16 16:00:00,51,51,,0.1,,,33,75,1000,1.5
2025-07-16 17:17:34,2025-07-16 16:00:00,51,51,,0.1,,,33,75,1000,1.5
2025-07-16 17:17:45,2025-07-16 16:00:00,51,51,,0.1,,,33,75,1000,1.5
2025-07-16 17:17:55,2025-07-16 16:00:00,51,51,,0.1,,,33,75,1000,1.5
2025-07-16 17:18:06,2025-07-16 16:00:00,51,51,,0.1,,,33,75,1000,1.5
2025-07-16 17:18:16,2025-07-16 16:00:00,51,51,,0.1,,,33,75,1000,1.5
2025-07-16 17:18:27,2025-07-16 16:00:00,51,51,,0.1,,,33,75,1000,1.5
2025-07-16 17:18:37,2025-07-16 16:00:00,51,51,,0.1,,,33,75,1000,1.5
2025-07-16 17:18:48,2025-07-16 16:00:00,51,51,,0.1,,,33,75,1000,1.5
2025-07-16 17:18:58,2025-07-16 16:00:00,51,51,,0.1,,,33,75,1000,1.5
2025-07-16 17:19:09,2025-07-16 16:00:00,51,51,,0.1,,,33,75,1000,1.5
2025-07-16 17:19:19,2025-07-16 16:00:00,51,51,,0.1,,,33,75,1000,1.5
2025-07-16 17:19:30,2025-07-16 16:00:00,51,51,,0.1,,,33,75,1000,1.5
2025-07-16 17:19:40,2025-07-16 16:00:00,51,51,,0.1,,,33,75,1000,1.5
2025-07-16 17:19:51,2025-07-16 16:00:00,51,51,,0.1,,,33,75,1000,1.5
2025-07-16 17:20:01,2025-07-16 16:00:00,51,51,,0.1,,,33,75,1000,1.5
2025-07-16 17:20:11,2025-07-16 16:00:00,51,51,,0.1,,,33,75,1000,1.5
2025-07-16 17:20:22,2025-07-16 17:00:00,37,37,,0.1,,,32,79,1000,1.5
2025-07-16 17:20:32,2025-07-16 17:00:00,37,37,,0.1,,,32,79,1000,1.5
2025-07-16 17:20:42,2025-07-16 17:00:00,37,37,,0.1,,,32,79,1000,1.5
2025-07-16 17:20:53,2025-07-16 17:00:00,37,37,,0.1,,,32,79,1000,1.5
2025-07-16 17:21:03,2025-07-16 17:00:00,37,37,,0.1,,,32,79,1000,1.5
2025-07-16 17:21:14,2025-07-16 17:00:00,37,37,,0.1,,,32,79,1000,1.5
2025-07-16 17:21:24,2025-07-16 17:00:00,37,37,,0.1,,,32,79,1000,1.5
2025-07-16 17:21:35,2025-07-16 17:00:00,37,37,,0.1,,,32,79,1000,1.5
2025-07-16 17:21:45,2025-07-16 17:00:00,37,37,,0.1,,,32,79,1000,1.5
2025-07-16 17:21:56,2025-07-16 17:00:00,37,37,,0.1,,,32,79,1000,1.5
2025-07-16 17:22:06,2025-07-16 17:00:00,37,37,,0.1,,,32,79,1000,1.5
2025-07-16 17:22:17,2025-07-16 17:00:00,37,37,,0.1,,,32,79,1000,1.5
2025-07-16 17:22:28,2025-07-16 17:00:00,37,37,,0.1,,,32,79,1000,1.5
2025-07-16 17:22:38,2025-07-16 17:00:00,37,37,,0.1,,,32,79,1000,1.5
2025-07-16 17:22:49,2025-07-16 17:00:00,37,37,,0.1,,,32,79,1000,1.5
2025-07-16 17:22:59,2025-07-16 17:00:00,37,37,,0.1,,,32,79,1000,1.5
2025-07-16 17:23:10,2025-07-16 17:00:00,37,37,,0.1,,,32,79,1000,1.5
2025-07-16 17:23:20,2025-07-16 17:00:00,37,37,,0.1,,,32,79,1000,1.5
2025-07-16 17:23:31,2025-07-16 17:00:00,37,37,,0.1,,,32,79,1000,1.5
2025-07-16 17:23:41,2025-07-16 17:00:00,37,37,,0.1,,,32,79,1000,1.5
2025-07-16 17:23:52,2025-07-16 17:00:00,37,37,,0.1,,,32,79,1000,1.5
2025-07-16 17:24:03,2025-07-16 17:00:00,37,37,,0.1,,,32,79,1000,1.5
2025-07-16 17:24:13,2025-07-16 17:00:00,37,37,,0.1,,,32,79,1000,1.5
2025-07-16 17:24:24,2025-07-16 17:00:00,37,37,,0.1,,,32,79,1000,1.5
2025-07-16 17:24:34,2025-07-16 17:00:00,37,37,,0.1,,,32,79,1000,1.5
2025-07-16 17:24:45,2025-07-16 17:00:00,37,37,,0.1,,,32,79,1000,1.5
2025-07-16 17:24:55,2025-07-16 17:00:00,37,37,,0.1,,,32,79,1000,1.5
2025-07-16 17:25:05,2025-07-16 17:00:00,37,37,,0.1,,,32,79,1000,1.5
2025-07-16 17:25:16,2025-07-16 17:00:00,37,37,,0.1,,,32,79,1000,1.5
2025-07-16 17:25:26,2025-07-16 17:00:00,37,37,,0.1,,,32,79,1000,1.5
2025-07-16 17:25:37,2025-07-16 17:00:00,37,37,,0.1,,,32,79,1000,1.5
2025-07-16 17:25:48,2025-07-16 17:00:00,37,37,,0.1,,,32,79,1000,1.5
2025-07-16 17:25:59,2025-07-16 17:00:00,37,37,,0.1,,,32,79,1000,1.5
2025-07-16 17:26:10,2025-07-16 17:00:00,37,37,,0.1,,,32,79,1000,1.5
2025-07-16 17:26:20,2025-07-16 17:00:00,37,37,,0.1,,,32,79,1000,1.5
2025-07-16 17:26:31,2025-07-16 17:00:00,37,37,,0.1,,,32,79,1000,1.5
2025-07-16 17:26:42,2025-07-16 17:00:00,37,37,,0.1,,,32,79,1000,1.5
2025-07-16 17:26:53,2025-07-16 17:00:00,37,37,,0.1,,,32,79,1000,1.5
2025-07-16 17:27:04,2025-07-16 17:00:00,37,37,,0.1,,,32,79,1000,1.5
2025-07-16 17:27:15,2025-07-16 17:00:00,37,37,,0.1,,,32,79,1000,1.5
2025-07-16 17:27:26,2025-07-16 17:00:00,37,37,,0.1,,,32,79,1000,1.5
2025-07-16 17:27:39,2025-07-16 17:00:00,37,37,,0.1,,,32,79,1000,1.5
2025-07-16 17:27:51,2025-07-16 17:00:00,37,37,,0.1,,,32,79,1000,1.5
2025-07-16 17:28:02,2025-07-16 17:00:00,37,37,,0.1,,,32,79,1000,1.5
2025-07-16 17:28:13,2025-07-16 17:00:00,37,37,,0.1,,,32,79,1000,1.5
2025-07-16 17:28:23,2025-07-16 17:00:00,37,37,,0.1,,,32,79,1000,1.5
2025-07-16 17:28:34,2025-07-16 17:00:00,37,37,,0.1,,,32,79,1000,1.5
2025-07-16 17:28:46,2025-07-16 17:00:00,37,37,,0.1,,,32,79,1000,1.5
2025-07-16 17:28:58,2025-07-16 17:00:00,37,37,,0.1,,,32,79,1000,1.5
2025-07-16 17:29:10,2025-07-16 17:00:00,37,37,,0.1,,,32,79,1000,1.5
2025-07-16 17:29:20,2025-07-16 17:00:00,37,37,,0.1,,,32,79,1000,1.5
2025-07-16 17:29:31,2025-07-16 17:00:00,37,37,,0.1,,,32,79,1000,1.5
2025-07-16 17:29:43,2025-07-16 17:00:00,37,37,,0.1,,,32,79,1000,1.5
2025-07-16 17:29:54,2025-07-16 17:00:00,37,37,,0.1,,,32,79,1000,1.5
2025-07-16 17:30:06,2025-07-16 17:00:00,37,37,,0.1,,,32,79,1000,1.5
2025-07-16 17:30:17,2025-07-16 17:00:00,37,37,,0.1,,,32,79,1000,1.5
2025-07-16 17:30:29,2025-07-16 17:00:00,37,37,,0.1,,,32,79,1000,1.5
2025-07-16 17:30:40,2025-07-16 17:00:00,37,37,,0.1,,,32,79,1000,1.5
2025-07-16 17:30:51,2025-07-16 17:00:00,37,37,,0.1,,,32,79,1000,1.5
2025-07-16 17:31:01,2025-07-16 17:00:00,37,37,,0.1,,,32,79,1000,1.5
2025-07-16 17:31:12,2025-07-16 17:00:00,37,37,,0.1,,,32,79,1000,1.5
2025-07-16 17:31:24,2025-07-16 17:00:00,37,37,,0.1,,,32,79,1000,1.5
2025-07-16 17:31:36,2025-07-16 17:00:00,37,37,,0.1,,,32,79,1000,1.5
2025-07-16 17:31:48,2025-07-16 17:00:00,37,37,,0.1,,,32,79,1000,1.5
2025-07-16 17:31:59,2025-07-16 17:00:00,37,37,,0.1,,,32,79,1000,1.5
2025-07-16 17:32:10,2025-07-16 17:00:00,37,37,,0.1,,,32,79,1000,1.5
2025-07-16 17:32:20,2025-07-16 17:00:00,37,37,,0.1,,,32,79,1000,1.5
2025-07-16 17:32:31,2025-07-16 17:00:00,37,37,,0.1,,,32,79,1000,1.5
2025-07-16 17:32:41,2025-07-16 17:00:00,37,37,,0.1,,,32,79,1000,1.5
2025-07-16 17:32:52,2025-07-16 17:00:00,37,37,,0.1,,,32,79,1000,1.5
2025-07-16 17:33:02,2025-07-16 17:00:00,37,37,,0.1,,,32,79,1000,1.5
2025-07-16 17:33:13,2025-07-16 17:00:00,37,37,,0.1,,,32,79,1000,1.5
2025-07-16 17:33:23,2025-07-16 17:00:00,37,37,,0.1,,,32,79,1000,1.5
2025-07-16 17:33:34,2025-07-16 17:00:00,37,37,,0.1,,,32,79,1000,1.5
2025-07-16 17:33:44,2025-07-16 17:00:00,37,37,,0.1,,,32,79,1000,1.5
2025-07-16 17:33:55,2025-07-16 17:00:00,37,37,,0.1,,,32,79,1000,1.5
2025-07-16 17:34:05,2025-07-16 17:00:00,37,37,,0.1,,,32,79,1000,1.5
2025-07-16 17:34:16,2025-07-16 17:00:00,37,37,,0.1,,,32,79,1000,1.5
2025-07-16 17:34:26,2025-07-16 17:00:00,37,37,,0.1,,,32,79,1000,1.5
2025-07-16 17:34:37,2025-07-16 17:00:00,37,37,,0.1,,,32,79,1000,1.5
2025-07-16 17:34:47,2025-07-16 17:00:00,37,37,,0.1,,,32,79,1000,1.5
2025-07-16 17:34:58,2025-07-16 17:00:00,37,37,,0.1,,,32,79,1000,1.5
2025-07-16 17:35:08,2025-07-16 17:00:00,37,37,,0.1,,,32,79,1000,1.5
2025-07-16 17:35:19,2025-07-16 17:00:00,37,37,,0.1,,,32,79,1000,1.5
2025-07-16 17:35:29,2025-07-16 17:00:00,37,37,,0.1,,,32,79,1000,1.5
2025-07-16 17:35:39,2025-07-16 17:00:00,37,37,,0.1,,,32,79,1000,1.5
2025-07-16 17:35:50,2025-07-16 17:00:00,37,37,,0.1,,,32,79,1000,1.5
2025-07-16 17:36:00,2025-07-16 17:00:00,37,37,,0.1,,,32,79,1000,1.5
2025-07-16 17:36:11,2025-07-16 17:00:00,37,37,,0.1,,,32,79,1000,1.5
2025-07-16 17:36:21,2025-07-16 17:00:00,37,37,,0.1,,,32,79,1000,1.5
2025-07-16 17:36:32,2025-07-16 17:00:00,37,37,,0.1,,,32,79,1000,1.5
2025-07-16 17:36:42,2025-07-16 17:00:00,37,37,,0.1,,,32,79,1000,1.5
2025-07-16 17:36:53,2025-07-16 17:00:00,37,37,,0.1,,,32,79,1000,1.5
2025-07-16 17:37:05,2025-07-16 17:00:00,37,37,,0.1,,,32,79,1000,1.5
2025-07-16 17:37:16,2025-07-16 17:00:00,37,37,,0.1,,,32,79,1000,1.5
2025-07-16 17:37:26,2025-07-16 17:00:00,37,37,,0.1,,,32,79,1000,1.5
2025-07-16 17:37:38,2025-07-16 17:00:00,37,37,,0.1,,,32,79,1000,1.5
2025-07-16 17:37:49,2025-07-16 17:00:00,37,37,,0.1,,,32,79,1000,1.5
2025-07-16 17:37:59,2025-07-16 17:00:00,37,37,,0.1,,,32,79,1000,1.5
2025-07-16 17:38:10,2025-07-16 17:00:00,37,37,,0.1,,,32,79,1000,1.5
2025-07-16 17:38:21,2025-07-16 17:00:00,37,37,,0.1,,,32,79,1000,1.5
2025-07-16 17:38:31,2025-07-16 17:00:00,37,37,,0.1,,,32,79,1000,1.5
2025-07-16 17:38:42,2025-07-16 17:00:00,37,37,,0.1,,,32,79,1000,1.5
2025-07-16 17:38:53,2025-07-16 17:00:00,37,37,,0.1,,,32,79,1000,1.5
2025-07-16 17:39:03,2025-07-16 17:00:00,37,37,,0.1,,,32,79,1000,1.5
2025-07-16 17:39:14,2025-07-16 17:00:00,37,37,,0.1,,,32,79,1000,1.5
2025-07-16 17:39:25,2025-07-16 17:00:00,37,37,,0.1,,,32,79,1000,1.5
2025-07-16 17:39:35,2025-07-16 17:00:00,37,37,,0.1,,,32,79,1000,1.5
2025-07-16 17:39:46,2025-07-16 17:00:00,37,37,,0.1,,,32,79,1000,1.5
2025-07-16 17:39:56,2025-07-16 17:00:00,37,37,,0.1,,,32,79,1000,1.5
2025-07-16 17:40:07,2025-07-16 17:00:00,37,37,,0.1,,,32,79,1000,1.5
2025-07-16 17:40:18,2025-07-16 17:00:00,37,37,,0.1,,,32,79,1000,1.5
2025-07-16 17:40:29,2025-07-16 17:00:00,37,37,,0.1,,,32,79,1000,1.5
2025-07-16 17:40:40,2025-07-16 17:00:00,37,37,,0.1,,,32,79,1000,1.5
2025-07-16 17:40:51,2025-07-16 17:00:00,37,37,,0.1,,,32,79,1000,1.5
2025-07-16 17:41:01,2025-07-16 17:00:00,37,37,,0.1,,,32,79,1000,1.5
2025-07-16 17:41:12,2025-07-16 17:00:00,37,37,,0.1,,,32,79,1000,1.5
2025-07-16 17:41:22,2025-07-16 17:00:00,37,37,,0.1,,,32,79,1000,1.5
2025-07-16 17:41:33,2025-07-16 17:00:00,37,37,,0.1,,,32,79,1000,1.5
2025-07-16 17:41:43,2025-07-16 17:00:00,37,37,,0.1,,,32,79,1000,1.5
2025-07-16 17:41:53,2025-07-16 17:00:00,37,37,,0.1,,,32,79,1000,1.5
2025-07-16 17:42:04,2025-07-16 17:00:00,37,37,,0.1,,,32,79,1000,1.5
2025-07-16 18:19:25,2025-07-16 18:00:00,72,72,,0.1,,,32,79,1000,1.5
2025-07-16 18:19:36,2025-07-16 18:00:00,72,72,,0.1,,,32,79,1000,1.5
2025-07-16 18:19:47,2025-07-16 18:00:00,72,72,,0.1,,,32,79,1000,1.5
2025-07-16 18:19:57,2025-07-16 18:00:00,72,72,,0.1,,,32,79,1000,1.5
2025-07-16 18:20:08,2025-07-16 18:00:00,72,72,,0.1,,,32,79,1000,1.5
2025-07-16 20:06:55,2025-07-16 19:00:00,79,79,,0.1,,,32,70,1001,3.6
2025-07-16 20:07:06,2025-07-16 19:00:00,79,79,,0.1,,,32,70,1001,3.6
2025-07-16 20:07:17,2025-07-16 19:00:00,79,79,,0.1,,,32,70,1001,3.6
2025-07-16 20:07:27,2025-07-16 19:00:00,79,79,,0.1,,,32,70,1001,3.6
2025-07-16 20:07:38,2025-07-16 19:00:00,79,79,,0.1,,,32,70,1001,3.6
2025-07-16 20:07:46,2025-07-16 19:00:00,79,79,,0.1,,,32,70,1001,3.6
2025-07-16 20:07:57,2025-07-16 19:00:00,79,79,,0.1,,,32,70,1001,3.6
2025-07-16 20:09:11,2025-07-16 19:00:00,79,79,,0.1,,,32,70,1001,3.6
2025-07-16 20:09:23,2025-07-16 19:00:00,79,79,,0.1,,,32,70,1001,3.6
2025-07-16 20:09:33,2025-07-16 19:00:00,79,79,,0.1,,,32,70,1001,3.6
2025-07-16 20:09:44,2025-07-16 19:00:00,79,79,,0.1,,,32,70,1001,3.6
2025-07-16 20:09:55,2025-07-16 19:00:00,79,79,,0.1,,,32,70,1001,3.6
2025-07-16 20:10:05,2025-07-16 19:00:00,79,79,,0.1,,,32,70,1001,3.6
2025-07-16 20:10:16,2025-07-16 19:00:00,79,79,,0.1,,,32,70,1001,3.6
2025-07-16 20:10:27,2025-07-16 19:00:00,79,79,,0.1,,,32,70,1001,3.6
2025-07-16 20:10:38,2025-07-16 19:00:00,79,79,,0.1,,,32,70,1001,3.6
2025-07-16 20:10:49,2025-07-16 19:00:00,79,79,,0.1,,,32,70,1001,3.6
2025-07-16 20:11:00,2025-07-16 19:00:00,79,79,,0.1,,,32,70,1001,3.6
2025-07-16 20:11:10,2025-07-16 19:00:00,79,79,,0.1,,,32,70,1001,3.6
2025-07-16 20:11:21,2025-07-16 19:00:00,79,79,,0.1,,,32,70,1001,3.6
2025-07-16 20:11:31,2025-07-16 19:00:00,79,79,,0.1,,,32,70,1001,3.6
2025-07-16 20:11:42,2025-07-16 19:00:00,79,79,,0.1,,,32,70,1001,3.6
2025-07-16 20:11:52,2025-07-16 19:00:00,79,79,,0.1,,,32,70,1001,3.6
2025-07-16 20:12:04,2025-07-16 19:00:00,79,79,,0.1,,,32,70,1001,3.6
2025-07-16 20:12:15,2025-07-16 19:00:00,79,79,,0.1,,,32,70,1001,3.6
2025-07-16 20:12:25,2025-07-16 19:00:00,79,79,,0.1,,,32,70,1001,3.6
2025-07-16 20:12:36,2025-07-16 19:00:00,79,79,,0.1,,,32,70,1001,3.6
2025-07-16 20:12:46,2025-07-16 19:00:00,79,79,,0.1,,,32,70,1001,3.6
2025-07-16 20:12:57,2025-07-16 19:00:00,79,79,,0.1,,,32,70,1001,3.6
2025-07-16 20:13:08,2025-07-16 19:00:00,79,79,,0.1,,,32,70,1001,3.6
2025-07-16 20:13:23,2025-07-16 20:00:00,95,95,,0.1,,,31.5,74.5,1001,3.8
2025-07-16 20:13:33,2025-07-16 20:00:00,95,95,,0.1,,,31.5,74.5,1001,3.8
2025-07-16 20:13:44,2025-07-16 20:00:00,95,95,,0.1,,,31.5,74.5,1001,3.8
2025-07-16 20:13:58,2025-07-16 20:00:00,95,95,,0.1,,,31.5,74.5,1001,3.8
2025-07-16 20:14:08,2025-07-16 20:00:00,95,95,,0.1,,,31.5,74.5,1001,3.8
2025-07-16 20:14:19,2025-07-16 20:00:00,95,95,,0.1,,,31.5,74.5,1001,3.8
2025-07-16 20:14:29,2025-07-16 20:00:00,95,95,,0.1,,,31.5,74.5,1001,3.8
2025-07-16 20:14:42,2025-07-16 20:00:00,95,95,,0.1,,,31.5,74.5,1001,3.8
2025-07-16 20:14:52,2025-07-16 20:00:00,95,95,,0.1,,,31.5,74.5,1001,3.8
2025-07-16 20:15:03,2025-07-16 20:00:00,95,95,,0.1,,,31.5,74.5,1001,3.8
2025-07-16 20:15:15,2025-07-16 20:00:00,95,95,,0.1,,,31.5,74.5,1001,3.8
2025-07-16 20:15:26,2025-07-16 20:00:00,95,95,,0.1,,,31.5,74.5,1001,3.8
2025-07-16 20:15:36,2025-07-16 20:00:00,95,95,,0.1,,,31.5,74.5,1001,3.8
2025-07-16 20:15:47,2025-07-16 20:00:00,95,95,,0.1,,,31.5,74.5,1001,3.8
2025-07-16 20:15:58,2025-07-16 20:00:00,95,95,,0.1,,,31.5,74.5,1001,3.8
2025-07-16 20:16:10,2025-07-16 20:00:00,95,95,,0.1,,,31.5,74.5,1001,3.8
2025-07-16 20:16:21,2025-07-16 20:00:00,95,95,,0.1,,,31.5,74.5,1001,3.8
2025-07-16 20:16:31,2025-07-16 20:00:00,95,95,,0.1,,,31.5,74.5,1001,3.8
2025-07-16 20:16:42,2025-07-16 20:00:00,95,95,,0.1,,,31.5,74.5,1001,3.8
2025-07-16 20:16:52,2025-07-16 20:00:00,95,95,,0.1,,,31.5,74.5,1001,3.8
2025-07-16 20:17:03,2025-07-16 20:00:00,95,95,,0.1,,,31.5,74.5,1001,3.8
2025-07-16 20:17:13,2025-07-16 20:00:00,95,95,,0.1,,,31.5,74.5,1001,3.8
2025-07-16 20:17:24,2025-07-16 20:00:00,95,95,,0.1,,,31.5,74.5,1001,3.8
2025-07-16 20:17:37,2025-07-16 20:00:00,95,95,,0.1,,,31.5,74.5,1001,3.8
2025-07-16 20:17:47,2025-07-16 20:00:00,95,95,,0.1,,,31.5,74.5,1001,3.8
2025-07-16 20:17:58,2025-07-16 20:00:00,95,95,,0.1,,,31.5,74.5,1001,3.8
2025-07-16 20:18:08,2025-07-16 20:00:00,95,95,,0.1,,,31.5,74.5,1001,3.8
2025-07-16 20:18:19,2025-07-16 20:00:00,95,95,,0.1,,,31.5,74.5,1001,3.8
2025-07-16 20:18:29,2025-07-16 20:00:00,95,95,,0.1,,,31.5,74.5,1001,3.8
2025-07-16 20:18:40,2025-07-16 20:00:00,95,95,,0.1,,,31.5,74.5,1001,3.8
2025-07-16 20:18:50,2025-07-16 20:00:00,95,95,,0.1,,,31.5,74.5,1001,3.8
2025-07-16 20:19:01,2025-07-16 20:00:00,95,95,,0.1,,,31.5,74.5,1001,3.8
2025-07-16 20:19:11,2025-07-16 20:00:00,95,95,,0.1,,,31.5,74.5,1001,3.8
2025-07-16 20:19:22,2025-07-16 20:00:00,95,95,,0.1,,,31.5,74.5,1001,3.8
2025-07-16 20:19:32,2025-07-16 20:00:00,95,95,,0.1,,,31.5,74.5,1001,3.8
2025-07-16 20:19:43,2025-07-16 20:00:00,95,95,,0.1,,,31.5,74.5,1001,3.8
2025-07-16 20:19:55,2025-07-16 20:00:00,95,95,,0.1,,,31.5,74.5,1001,3.8
2025-07-16 20:20:06,2025-07-16 20:00:00,95,95,,0.1,,,31.5,74.5,1001,3.8
2025-07-16 20:20:16,2025-07-16 20:00:00,95,95,,0.1,,,31.5,74.5,1001,3.8
2025-07-16 20:20:27,2025-07-16 20:00:00,95,95,,0.1,,,31.5,74.5,1001,3.8
2025-07-16 20:20:38,2025-07-16 20:00:00,95,95,,0.1,,,31.5,74.5,1001,3.8
2025-07-16 20:20:48,2025-07-16 20:00:00,95,95,,0.1,,,31.5,74.5,1001,3.8
2025-07-16 20:20:59,2025-07-16 20:00:00,95,95,,0.1,,,31.5,74.5,1001,3.8
2025-07-16 20:21:09,2025-07-16 20:00:00,95,95,,0.1,,,31.5,74.5,1001,3.8
2025-07-16 20:21:20,2025-07-16 20:00:00,95,95,,0.1,,,31.5,74.5,1001,3.8
2025-07-16 20:21:31,2025-07-16 20:00:00,95,95,,0.1,,,31.5,74.5,1001,3.8